channel,absent,absent_kind,item,item_kind,seasons,n,mean_frac,median_frac,pooled_frac,ci90_lo,ci90_hi,net_mean_frac,net_median_frac,net_pooled_frac,net_ci90_lo,net_ci90_hi,spread90_lo,spread90_hi
carries,QB1,label,GRP_QB,group,all,2,0.283405,0.283405,0.278689,0.125651,0.44116,0.254329,0.254329,0.249683,0.0989271,0.409732,0.197091,0.36972
carries,QB1,label,GRP_RB,group,all,5,0.58934,0.514286,0.628931,0.285598,0.893083,0.51072,0.444789,0.552441,0.200355,0.821084,0.216667,1.13616
carries,QB1,label,GRP_TE,group,all,4,-0.00714286,0,-0.00769231,-0.0188921,0.00460643,-0.0085545,-0.00161933,-0.00905895,-0.0202281,0.00311911,-0.0242857,0
carries,QB1,label,GRP_WR,group,all,5,-0.0107482,-9.5162e-18,-0.00628931,-0.042705,0.0212085,-0.0139353,-0.00281721,-0.00939001,-0.0462038,0.0183332,-0.0635057,0.0301282
carries,QB1,label,NEW,total,all,5,0.516896,0.307692,0.54717,0.0134748,1.02032,0.429884,0.238667,0.462516,-0.0774192,0.937187,0.0375,1.44643
carries,QB1,label,NEW_QB,new,all,4,0.281834,0.282418,0.276923,0.216628,0.34704,0.100456,0.115651,0.101326,0.0454146,0.155497,0.197946,0.364904
carries,QB1,label,NEW_RB,new,all,1,1.45714,1.45714,1.45714,,,1.29507,1.29507,1.29507,,,1.45714,1.45714
carries,QB1,label,NEW_TE,new,all,1,0,0,0,,,-0.00286472,-0.00286472,-0.00286472,,,0,0
carries,QB1,label,NEW_WR,new,all,3,0,0,0,0,0,-0.00752001,-0.00742863,-0.00734421,-0.0088617,-0.00617833,0,0
carries,QB1,label,NOWHERE,leak,all,5,0.31376,0.514286,0.27673,0.00443144,0.623089,0.424691,0.612343,0.384655,0.106086,0.743296,-0.218744,0.685417
carries,QB1,label,OTHER_MISSING,leak,all,5,0.365321,0.0625,0.415094,-0.0195338,0.750175,0.173555,-0.122903,0.228525,-0.22921,0.576319,0,1.07282
carries,QB1,label,QB2+,player,all,2,0.283405,0.283405,0.278689,0.125651,0.44116,0.127963,0.127963,0.123622,-0.017217,0.273142,0.197091,0.36972
carries,QB1,label,RB1,player,all,5,-0.0012721,-0.0416667,-0.0440252,-0.48689,0.484346,0.0584114,0.0352712,0.0140411,-0.430299,0.547122,-0.73766,0.769655
carries,QB1,label,RB2,player,all,4,0.346271,0.296875,0.435484,-0.234606,0.927149,0.287226,0.232153,0.378218,-0.301183,0.875636,-0.351724,1.11342
carries,QB1,label,RB3+,player,all,7,0.223997,0.114286,0.243119,0.0265277,0.421466,0.122794,0.0269859,0.145007,-0.0785591,0.324148,0,0.722756
carries,QB1,label,ROTATION,total,all,5,0.68624,0.485714,0.72327,0.376911,0.995569,0.575309,0.387657,0.615345,0.256704,0.893914,0.314583,1.21874
carries,QB1,label,TE1,player,all,4,-0.00714286,0,-0.00769231,-0.0188921,0.00460643,-0.00740002,-0.000295003,-0.00794128,-0.0191351,0.0043351,-0.0242857,0
carries,QB1,label,TE2+,player,all,4,0,0,0,0,0,-0.0012288,-0.00125179,-0.00119425,-0.00142293,-0.00103466,0,0
carries,QB1,label,TEAM_VOLUME,leak,all,5,-0.162185,-0.0344828,-0.144654,-0.327153,0.00278308,-0.168362,-0.0410726,-0.150664,-0.33378,-0.00294435,-0.441667,0.0205128
carries,QB1,label,WR1,player,all,5,-0.0114286,0,-0.0125786,-0.0302274,0.00737029,-0.0106049,0.000796381,-0.0117772,-0.0294433,0.00823362,-0.0457143,0
carries,QB1,label,WR2,player,all,5,-0.0134615,0,-0.0125786,-0.0276474,0.000724273,-0.0135842,-0.000130829,-0.0126979,-0.0277779,0.000609538,-0.0384615,0
carries,QB1,label,WR3,player,all,4,0.00339163,0.015625,0.00806452,-0.0399119,0.0466951,0.003116,0.0153229,0.00779718,-0.0402107,0.0464427,-0.0586207,0.0482772
carries,QB1,label,WR4+,player,all,4,0.0142857,0,0.015625,-0.00921286,0.0377843,0.0113443,-0.00292846,0.0126965,-0.0122993,0.0349879,0,0.0485714
carries,QB1,label,GRP_RB,group,fit,3,0.701343,0.514286,0.765306,0.236812,1.16587,0.623605,0.444789,0.690845,0.14369,1.10352,0.351429,1.1822
carries,QB1,label,GRP_TE,group,fit,3,-0.00952381,0,-0.0102041,-0.0251895,0.0061419,-0.0109433,-0.00185066,-0.0115638,-0.0264889,0.00460229,-0.0257143,0
carries,QB1,label,GRP_WR,group,fit,3,-0.00534188,-9.5162e-18,-1.69932e-18,-0.0376029,0.0269192,-0.00849318,-0.00281721,-0.00301844,-0.0415354,0.0245491,-0.0375,0.0230769
carries,QB1,label,NEW,total,fit,3,0.798993,0.375,0.826531,0.0455318,1.55245,0.712957,0.262834,0.744123,-0.0474138,1.47333,0.314423,1.58036
carries,QB1,label,NEW_QB,new,fit,3,0.313278,0.307692,0.306122,0.257127,0.36943,0.130888,0.137213,0.131422,0.0985228,0.163252,0.262198,0.368269
carries,QB1,label,NEW_RB,new,fit,1,1.45714,1.45714,1.45714,,,1.29507,1.29507,1.29507,,,1.45714,1.45714
carries,QB1,label,NEW_WR,new,fit,2,0,0,0,0,0,-0.00756571,-0.00756571,-0.00730272,-0.00988593,-0.00524548,0,0
carries,QB1,label,NOWHERE,leak,fit,3,0.313523,0.514286,0.244898,-0.184898,0.811943,0.423209,0.612343,0.34996,-0.0969856,0.943403,-0.202418,0.688929
carries,QB1,label,OTHER_MISSING,leak,fit,3,0.588034,0.564103,0.653061,0.0178843,1.15818,0.39842,0.411977,0.471442,-0.208384,1.00522,0.0564103,1.13641
carries,QB1,label,RB1,player,fit,3,-0.15406,-0.0416667,-0.193878,-0.740936,0.432816,-0.095046,0.0352712,-0.137352,-0.68695,0.496858,-0.742628,0.355833
carries,QB1,label,RB2,player,fit,2,0.602564,0.602564,0.746032,-0.388594,1.59372,0.54282,0.54282,0.689675,-0.471736,1.55738,0.0602564,1.14487
carries,QB1,label,RB3+,player,fit,5,0.272216,0.114286,0.299363,0.0011307,0.543302,0.170702,0.0269859,0.202054,-0.106933,0.448338,0,0.772436
carries,QB1,label,ROTATION,total,fit,3,0.686477,0.485714,0.755102,0.188057,1.1849,0.576791,0.387657,0.65004,0.0565965,1.09699,0.311071,1.20242
carries,QB1,label,TE1,player,fit,3,-0.00952381,0,-0.0102041,-0.0251895,0.0061419,-0.00978241,-0.000337147,-0.0104518,-0.0254257,0.00586087,-0.0257143,0
carries,QB1,label,TE2+,player,fit,3,0,0,0,0,0,-0.00128074,-0.00143062,-0.00124102,-0.00152727,-0.00103421,0,0
carries,QB1,label,TEAM_VOLUME,leak,fit,3,-0.102564,0,-0.0714286,-0.29275,0.0876222,-0.108672,-0.00546016,-0.0772787,-0.300398,0.0830542,-0.3,0.0230769
carries,QB1,label,WR1,player,fit,3,-0.0190476,0,-0.0204082,-0.050379,0.0122838,-0.0182332,0.000653441,-0.019628,-0.0496362,0.0131699,-0.0514286,0
carries,QB1,label,WR2,player,fit,3,-0.0224359,-0.025641,-0.0204082,-0.0423958,-0.00247599,-0.0225572,-0.0257383,-0.0205243,-0.0425379,-0.00257645,-0.0400641,-0.0025641
carries,QB1,label,WR3,player,fit,2,0.025641,0.025641,0.031746,-0.0165359,0.0678179,0.0253621,0.0253621,0.0314829,-0.016924,0.0676483,0.0025641,0.0487179
carries,QB1,label,WR4+,player,fit,1,0.0571429,0.0571429,0.0571429,,,0.0544654,0.0544654,0.0544654,,,0.0571429,0.0571429
carries,QB1,label,GRP_QB,group,test,2,0.283405,0.283405,0.278689,0.125651,0.44116,0.254329,0.254329,0.249683,0.0989271,0.409732,0.197091,0.36972
carries,QB1,label,GRP_RB,group,test,2,0.421336,0.421336,0.409836,0.036699,0.805973,0.341393,0.341393,0.330086,-0.0367775,0.719563,0.210884,0.631789
carries,QB1,label,GRP_TE,group,test,1,0,0,0,,,-0.001388,-0.001388,-0.001388,,,0,0
carries,QB1,label,GRP_WR,group,test,2,-0.0188578,-0.0188578,-0.0163934,-0.10128,0.0635645,-0.0220985,-0.0220985,-0.0196263,-0.104783,0.060586,-0.0639547,0.0262392
carries,QB1,label,NEW,total,test,2,0.09375,0.09375,0.0983607,-0.0604594,0.247959,0.00527387,0.00527387,0.0100985,-0.156093,0.166641,0.009375,0.178125
carries,QB1,label,NEW_QB,new,test,1,0.1875,0.1875,0.1875,,,0.00915948,0.00915948,0.00915948,,,0.1875,0.1875
carries,QB1,label,NEW_TE,new,test,1,0,0,0,,,-0.00286472,-0.00286472,-0.00286472,,,0,0
carries,QB1,label,NEW_WR,new,test,1,0,0,0,,,-0.00742863,-0.00742863,-0.00742863,,,0,0
carries,QB1,label,NOWHERE,leak,test,2,0.314116,0.314116,0.327869,-0.145853,0.774086,0.426914,0.426914,0.440394,-0.0239299,0.877759,0.0624461,0.565787
carries,QB1,label,OTHER_MISSING,leak,test,2,0.03125,0.03125,0.0327869,-0.0201531,0.0826531,-0.163743,-0.163743,-0.161735,-0.230921,-0.0965658,0.003125,0.059375
carries,QB1,label,QB2+,player,test,2,0.283405,0.283405,0.278689,0.125651,0.44116,0.127963,0.127963,0.123622,-0.017217,0.273142,0.197091,0.36972
carries,QB1,label,RB1,player,test,2,0.227909,0.227909,0.196721,-0.815219,1.27104,0.288598,0.288598,0.257263,-0.759441,1.33664,-0.342834,0.798653
carries,QB1,label,RB2,player,test,2,0.0899784,0.0899784,0.114754,-0.738675,0.918632,0.0316326,0.0316326,0.0565494,-0.801741,0.865006,-0.363416,0.543373
carries,QB1,label,RB3+,player,test,2,0.103448,0.103448,0.0983607,-0.0667138,0.27361,0.0030253,0.0030253,-0.00181943,-0.159013,0.165063,0.0103448,0.196552
carries,QB1,label,ROTATION,total,test,2,0.685884,0.685884,0.672131,0.225914,1.14585,0.573086,0.573086,0.559606,0.122241,1.02393,0.434213,0.937554
carries,QB1,label,TE1,player,test,1,0,0,0,,,-0.00025286,-0.00025286,-0.00025286,,,0,0
carries,QB1,label,TE2+,player,test,1,0,0,0,,,-0.00107296,-0.00107296,-0.00107296,,,0,0
carries,QB1,label,TEAM_VOLUME,leak,test,2,-0.251616,-0.251616,-0.262295,-0.608779,0.105547,-0.257897,-0.257897,-0.268561,-0.614552,0.0987577,-0.447037,-0.0561961
carries,QB1,label,WR1,player,test,2,0,0,0,0,0,0.000837573,0.000837573,0.000835548,0.000769816,0.00090533,0,0
carries,QB1,label,WR2,player,test,2,0,0,0,0,0,-0.000124696,-0.000124696,-0.000124395,-0.000134784,-0.000114609,0,0
carries,QB1,label,WR3,player,test,2,-0.0188578,-0.0188578,-0.0163934,-0.10128,0.0635645,-0.0191301,-0.0191301,-0.0166652,-0.101574,0.0633142,-0.0639547,0.0262392
carries,QB1,label,WR4+,player,test,3,0,0,0,0,0,-0.00302944,-0.00292846,-0.00302293,-0.00319554,-0.00286334,0,0
carries,QB2+,label,GRP_QB,group,all,1,1,1,1,,,0.957873,0.957873,0.957873,,,1,1
carries,QB2+,label,GRP_RB,group,all,1,0.238095,0.238095,0.238095,,,0.122267,0.122267,0.122267,,,0.238095,0.238095
carries,QB2+,label,GRP_TE,group,all,1,0.142857,0.142857,0.142857,,,0.140742,0.140742,0.140742,,,0.142857,0.142857
carries,QB2+,label,GRP_WR,group,all,1,0.047619,0.047619,0.047619,,,0.0429237,0.0429237,0.0429237,,,0.047619,0.047619
carries,QB2+,label,NEW,total,all,1,0,0,0,,,-0.12819,-0.12819,-0.12819,,,0,0
carries,QB2+,label,NEW_WR,new,all,1,0,0,0,,,-0.0102586,-0.0102586,-0.0102586,,,0,0
carries,QB2+,label,NOWHERE,leak,all,1,-0.428571,-0.428571,-0.428571,,,-0.265142,-0.265142,-0.265142,,,-0.428571,-0.428571
carries,QB2+,label,OTHER_MISSING,leak,all,1,0.047619,0.047619,0.047619,,,-0.2349,-0.2349,-0.2349,,,0.047619,0.047619
carries,QB2+,label,QB1,player,all,1,1,1,1,,,0.998074,0.998074,0.998074,,,1,1
carries,QB2+,label,RB1,player,all,1,-0.190476,-0.190476,-0.190476,,,-0.102547,-0.102547,-0.102547,,,-0.190476,-0.190476
carries,QB2+,label,RB2,player,all,1,0.428571,0.428571,0.428571,,,0.344036,0.344036,0.344036,,,0.428571,0.428571
carries,QB2+,label,ROTATION,total,all,1,1.42857,1.42857,1.42857,,,1.26514,1.26514,1.26514,,,1.42857,1.42857
carries,QB2+,label,TE1,player,all,1,0.142857,0.142857,0.142857,,,0.142472,0.142472,0.142472,,,0.142857,0.142857
carries,QB2+,label,TE2+,player,all,1,0,0,0,,,-0.00163499,-0.00163499,-0.00163499,,,0,0
carries,QB2+,label,TEAM_VOLUME,leak,all,1,0.380952,0.380952,0.380952,,,0.371852,0.371852,0.371852,,,0.380952,0.380952
carries,QB2+,label,WR1,player,all,1,0.142857,0.142857,0.142857,,,0.144071,0.144071,0.144071,,,0.142857,0.142857
carries,QB2+,label,WR2,player,all,1,-0.0952381,-0.0952381,-0.0952381,,,-0.0954188,-0.0954188,-0.0954188,,,-0.0952381,-0.0952381
carries,QB2+,label,WR4+,player,all,2,0,0,0,0,0,-0.00446241,-0.00446241,-0.00446241,-0.00446241,-0.00446241,0,0
carries,QB2+,label,GRP_QB,group,fit,1,1,1,1,,,0.957873,0.957873,0.957873,,,1,1
carries,QB2+,label,GRP_RB,group,fit,1,0.238095,0.238095,0.238095,,,0.122267,0.122267,0.122267,,,0.238095,0.238095
carries,QB2+,label,GRP_TE,group,fit,1,0.142857,0.142857,0.142857,,,0.140742,0.140742,0.140742,,,0.142857,0.142857
carries,QB2+,label,GRP_WR,group,fit,1,0.047619,0.047619,0.047619,,,0.0429237,0.0429237,0.0429237,,,0.047619,0.047619
carries,QB2+,label,NEW,total,fit,1,0,0,0,,,-0.12819,-0.12819,-0.12819,,,0,0
carries,QB2+,label,NEW_WR,new,fit,1,0,0,0,,,-0.0102586,-0.0102586,-0.0102586,,,0,0
carries,QB2+,label,NOWHERE,leak,fit,1,-0.428571,-0.428571,-0.428571,,,-0.265142,-0.265142,-0.265142,,,-0.428571,-0.428571
carries,QB2+,label,OTHER_MISSING,leak,fit,1,0.047619,0.047619,0.047619,,,-0.2349,-0.2349,-0.2349,,,0.047619,0.047619
carries,QB2+,label,QB1,player,fit,1,1,1,1,,,0.998074,0.998074,0.998074,,,1,1
carries,QB2+,label,RB1,player,fit,1,-0.190476,-0.190476,-0.190476,,,-0.102547,-0.102547,-0.102547,,,-0.190476,-0.190476
carries,QB2+,label,RB2,player,fit,1,0.428571,0.428571,0.428571,,,0.344036,0.344036,0.344036,,,0.428571,0.428571
carries,QB2+,label,ROTATION,total,fit,1,1.42857,1.42857,1.42857,,,1.26514,1.26514,1.26514,,,1.42857,1.42857
carries,QB2+,label,TE1,player,fit,1,0.142857,0.142857,0.142857,,,0.142472,0.142472,0.142472,,,0.142857,0.142857
carries,QB2+,label,TE2+,player,fit,1,0,0,0,,,-0.00163499,-0.00163499,-0.00163499,,,0,0
carries,QB2+,label,TEAM_VOLUME,leak,fit,1,0.380952,0.380952,0.380952,,,0.371852,0.371852,0.371852,,,0.380952,0.380952
carries,QB2+,label,WR1,player,fit,1,0.142857,0.142857,0.142857,,,0.144071,0.144071,0.144071,,,0.142857,0.142857
carries,QB2+,label,WR2,player,fit,1,-0.0952381,-0.0952381,-0.0952381,,,-0.0954188,-0.0954188,-0.0954188,,,-0.0952381,-0.0952381
carries,QB2+,label,WR4+,player,fit,2,0,0,0,0,0,-0.00446241,-0.00446241,-0.00446241,-0.00446241,-0.00446241,0,0
carries,RB1,label,GRP_QB,group,all,343,0.0307895,0,0.0243127,0.0121063,0.0494728,0.00578355,-0.0239099,0.00132997,-0.0128015,0.0243686,-0.241991,0.416667
carries,RB1,label,GRP_RB,group,all,350,0.861472,0.824045,0.810919,0.802523,0.920422,0.792852,0.756266,0.747941,0.734415,0.851289,-0.0823198,2.06481
carries,RB1,label,GRP_TE,group,all,348,-3.14111e-05,0,0.00037037,-0.00456615,0.00450333,-0.00127843,-0.00123378,-0.000774573,-0.00581437,0.00325752,-0.0306066,0
carries,RB1,label,GRP_WR,group,all,352,0.0176651,0,0.017768,0.00665634,0.0286739,0.014888,-0.00273895,0.0152197,0.00387909,0.025897,-0.111111,0.198416
carries,RB1,label,NEW,total,all,352,0.291657,0.050906,0.278634,0.251957,0.331358,0.215838,0.00522643,0.209062,0.176251,0.255426,0,1.33851
carries,RB1,label,NEW_QB,new,all,45,0.1418,0.153846,0.132025,0.109393,0.174208,-0.0069243,0.00771325,-0.00414122,-0.0384262,0.0245776,0,0.356126
carries,RB1,label,NEW_RB,new,all,217,0.437431,0.28125,0.4036,0.382541,0.49232,0.282908,0.112992,0.261575,0.228961,0.336856,0,1.46571
carries,RB1,label,NEW_TE,new,all,99,0.00101122,0,0.001619,-0.000159598,0.00218205,-0.00140257,-0.00237363,-0.000600274,-0.00260343,-0.000201722,0,0
carries,RB1,label,NEW_WR,new,all,154,0.00818051,0,0.00699417,0.00335732,0.0130037,0.00214151,-0.00566922,0.0014694,-0.00266236,0.00694538,0,0.0680011
carries,RB1,label,NOWHERE,leak,all,352,0.0957859,0.151087,0.153451,0.030957,0.160615,0.192447,0.241588,0.242149,0.128384,0.256511,-1.21397,1.1875
carries,RB1,label,OTHER_MISSING,leak,all,352,0.132656,0.0434988,0.118722,0.11495,0.150362,-0.0344418,-0.104851,-0.0346097,-0.051523,-0.0173606,0,0.564306
carries,RB1,label,QB1,player,all,316,0.0103568,0,0.00420307,-0.00828459,0.0289982,0.00920873,-0.00149818,0.00314963,-0.00942669,0.0278442,-0.254808,0.3375
carries,RB1,label,QB2+,player,all,63,0.115684,0.0571429,0.112173,0.0736611,0.157706,-0.0183928,-0.0779866,-0.0116163,-0.0613207,0.0245351,-0.105082,0.473538
carries,RB1,label,RB2,player,all,320,0.520842,0.494681,0.503321,0.469677,0.572006,0.470618,0.451591,0.457301,0.419581,0.521656,-0.274373,1.49136
carries,RB1,label,RB3+,player,all,444,0.303707,0.142857,0.281389,0.267736,0.339679,0.215722,0.0555574,0.201005,0.180085,0.251359,-0.140179,1.12852
carries,RB1,label,ROTATION,total,all,352,0.904214,0.848913,0.846549,0.839385,0.969043,0.807553,0.758412,0.757851,0.743489,0.871616,-0.1875,2.21397
carries,RB1,label,TE1,player,all,324,0.000438463,0,0.000316581,-0.00164733,0.00252425,0.000212206,-0.00021869,0.00010909,-0.00187353,0.00229795,-0.0243031,0
carries,RB1,label,TE2+,player,all,381,-0.000401556,0,6.74263e-05,-0.00410541,0.0033023,-0.00135859,-0.000927967,-0.000814614,-0.00506349,0.0023463,0,0
carries,RB1,label,TEAM_VOLUME,leak,all,352,0.0632152,0,0.00646109,0.0015371,0.124893,0.0578328,-0.00497132,0.00152209,-0.00380128,0.119467,-0.940949,1.30507
carries,RB1,label,WR1,player,all,351,0.00232442,0,0.00272339,-0.00123818,0.00588703,0.00304208,0.000670637,0.00338179,-0.000520168,0.00660433,-0.0454545,0.0731707
carries,RB1,label,WR2,player,all,329,0.00322408,0,0.00305403,-0.00148169,0.00792986,0.00311728,-0.000108401,0.00295629,-0.00158844,0.00782301,-0.0512821,0.0761538
carries,RB1,label,WR3,player,all,295,0.00247364,0,0.00166462,-0.00274786,0.00769514,0.00223974,-0.000230203,0.00145043,-0.00298133,0.00746081,-0.0577723,0.086087
carries,RB1,label,WR4+,player,all,442,0.0081715,0,0.00857493,0.00212296,0.01422,0.00554738,-0.0025679,0.00615877,-0.000503158,0.0115979,-0.0356527,0.0749085
carries,RB1,label,GRP_QB,group,fit,246,0.0268965,0,0.0208656,0.00482343,0.0489697,0.00226092,-0.024242,-0.00161427,-0.0196695,0.0241913,-0.240642,0.367662
carries,RB1,label,GRP_RB,group,fit,251,0.871577,0.837838,0.814736,0.803876,0.939279,0.803855,0.771352,0.753029,0.736802,0.870907,-0.0407754,1.97328
carries,RB1,label,GRP_TE,group,fit,249,0.00304704,0,0.00283976,-0.000533386,0.00662746,0.00181777,-0.00120043,0.0017181,-0.00176284,0.00539837,-0.0227974,0
carries,RB1,label,GRP_WR,group,fit,252,0.0237225,0,0.0238479,0.010211,0.037234,0.0209792,-0.00266493,0.0213476,0.007468,0.0344904,-0.0894385,0.206339
carries,RB1,label,NEW,total,fit,252,0.27295,0.0441935,0.261119,0.228756,0.317145,0.198054,0.00453728,0.192857,0.153982,0.242125,0,1.29214
carries,RB1,label,NEW_QB,new,fit,36,0.132804,0.147129,0.12253,0.0990251,0.166583,-0.0154935,0.00704253,-0.0128118,-0.0482935,0.0173065,0,0.335474
carries,RB1,label,NEW_RB,new,fit,153,0.411148,0.243243,0.376726,0.347999,0.474298,0.260372,0.103985,0.238945,0.19845,0.322295,0,1.3275
carries,RB1,label,NEW_TE,new,fit,72,0.000672043,0,0.0010921,-0.000433401,0.00177749,-0.00170253,-0.00230769,-0.00108538,-0.00284024,-0.000564816,0,0
carries,RB1,label,NEW_WR,new,fit,108,0.00970792,0,0.00771208,0.00332523,0.0160906,0.00373599,-0.00538576,0.00227472,-0.00260583,0.0100778,0,0.0769255
carries,RB1,label,NOWHERE,leak,fit,252,0.0788918,0.149468,0.14188,0.00439262,0.153391,0.174377,0.234136,0.228906,0.100872,0.247882,-1.19786,1.12504
carries,RB1,label,OTHER_MISSING,leak,fit,252,0.121923,0.036039,0.109579,0.10159,0.142257,-0.0431413,-0.105945,-0.0408627,-0.0630254,-0.0232572,0,0.536
carries,RB1,label,QB1,player,fit,230,0.0139174,0,0.00710795,-0.00874403,0.0365789,0.0127835,-0.00152699,0.00607467,-0.00986928,0.0354364,-0.243237,0.336117
carries,RB1,label,QB2+,player,fit,40,0.0853886,0.0346476,0.0861961,0.0435181,0.127259,-0.0442101,-0.0793973,-0.0319683,-0.0885671,0.00014694,-0.103539,0.377533
carries,RB1,label,RB2,player,fit,228,0.520289,0.462477,0.499217,0.458075,0.582503,0.470479,0.418068,0.453963,0.408431,0.532528,-0.289815,1.54643
carries,RB1,label,RB3+,player,fit,337,0.297152,0.133333,0.275746,0.256671,0.337632,0.210185,0.0432113,0.196787,0.170037,0.250332,-0.123246,1.18161
carries,RB1,label,ROTATION,total,fit,252,0.921108,0.850532,0.85812,0.846609,0.995607,0.825623,0.765864,0.771094,0.752118,0.899128,-0.125039,2.19786
carries,RB1,label,TE1,player,fit,231,0.000647672,0,0.000540833,-0.00185047,0.00314582,0.000425752,-0.000212935,0.000338654,-0.00207247,0.00292397,-0.0176923,0
carries,RB1,label,TE2+,player,fit,260,0.00234269,0,0.00223366,-0.000157008,0.00484239,0.00139733,-0.000903546,0.0013667,-0.00110222,0.00389689,0,0
carries,RB1,label,TEAM_VOLUME,leak,fit,252,0.072135,0,0.00965989,0.0013363,0.142934,0.0668181,-0.00491306,0.00481399,-0.00392142,0.137558,-0.886375,1.27593
carries,RB1,label,WR1,player,fit,252,0.00408237,0,0.0042262,-0.000349632,0.00851437,0.00479139,0.000670637,0.00487241,0.000359073,0.0092237,-0.0429035,0.0844952
carries,RB1,label,WR2,player,fit,237,0.00437669,0,0.00416355,-0.0010547,0.00980808,0.00427114,-0.00010539,0.00406756,-0.00116014,0.00970242,-0.0512821,0.0773279
carries,RB1,label,WR3,player,fit,209,0.00415304,0,0.00365186,-0.000882791,0.00918888,0.00392138,-0.000230203,0.00344102,-0.00111393,0.0089567,-0.0474501,0.0893281
carries,RB1,label,WR4+,player,fit,316,0.00963309,0,0.0101099,0.00150579,0.0177604,0.00703174,-0.00253272,0.00773389,-0.00109828,0.0151618,-0.0344828,0.073628
carries,RB1,label,GRP_QB,group,test,97,0.0406625,0,0.0337876,0.00544887,0.0758762,0.0147172,-0.0239099,0.00942289,-0.0204287,0.0498632,-0.240476,0.430857
carries,RB1,label,GRP_RB,group,test,99,0.835853,0.777778,0.800497,0.717191,0.954515,0.764955,0.730617,0.734049,0.647123,0.882788,-0.222857,2.09145
carries,RB1,label,GRP_TE,group,test,99,-0.00777417,0,-0.00631868,-0.0208906,0.00534228,-0.00906583,-0.00130635,-0.0075267,-0.0221861,0.00405445,-0.0588235,0.00535714
carries,RB1,label,GRP_WR,group,test,100,0.00240047,0,0.00135796,-0.0159626,0.0207635,-0.000461776,-0.00303463,-0.00132,-0.0188245,0.017901,-0.142857,0.130886
carries,RB1,label,NEW,total,test,100,0.338799,0.084375,0.32591,0.2545,0.423097,0.260655,0.00866264,0.252798,0.176559,0.344752,0,1.55985
carries,RB1,label,NEW_QB,new,test,9,0.177785,0.153846,0.171196,0.08632,0.269249,0.0273524,0.00837438,0.0316248,-0.0619017,0.116607,0,0.430721
carries,RB1,label,NEW_RB,new,test,64,0.500262,0.366071,0.475084,0.391713,0.608811,0.336784,0.217037,0.321775,0.229359,0.444208,0,1.6899
carries,RB1,label,NEW_TE,new,test,27,0.00191571,0,0.00312826,-0.00123544,0.00506686,-0.0006027,-0.00244344,0.000789284,-0.00382953,0.00262413,0,0
carries,RB1,label,NEW_WR,new,test,46,0.0045944,0,0.00521437,-0.0014276,0.0106164,-0.00160206,-0.0059888,-0.00052711,-0.00768084,0.00447671,0,0
carries,RB1,label,NOWHERE,leak,test,100,0.138359,0.173707,0.184682,0.00827718,0.268441,0.237984,0.252877,0.277893,0.109067,0.366902,-1.33333,1.4292
carries,RB1,label,OTHER_MISSING,leak,test,100,0.159702,0.0571429,0.1434,0.124448,0.194957,-0.0125192,-0.101952,-0.0177325,-0.0456373,0.0205988,0,0.630476
carries,RB1,label,QB1,player,test,86,0.000834231,0,-0.00415335,-0.0312248,0.0328933,-0.000351809,-0.00147142,-0.00526478,-0.032407,0.0317034,-0.276786,0.331081
carries,RB1,label,QB2+,player,test,23,0.16837,0.0714286,0.163772,0.080684,0.256057,0.0265069,-0.0779866,0.0288099,-0.061634,0.114648,-0.122304,0.482852
carries,RB1,label,RB2,player,test,92,0.522211,0.524246,0.514118,0.432821,0.611602,0.470963,0.472978,0.466082,0.381746,0.560179,-0.221925,1.29107
carries,RB1,label,RB3+,player,test,107,0.324355,0.2,0.300574,0.246473,0.402237,0.233162,0.101535,0.215345,0.156205,0.310119,-0.152137,1.08206
carries,RB1,label,ROTATION,total,test,100,0.861641,0.826293,0.815318,0.731559,0.991723,0.762016,0.747123,0.722107,0.633098,0.890933,-0.429202,2.33333
carries,RB1,label,TE1,player,test,93,-8.11868e-05,0,-0.000294985,-0.00388239,0.00372001,-0.000318212,-0.000231186,-0.000516965,-0.0041187,0.00348228,-0.0307618,0
carries,RB1,label,TE2+,player,test,121,-0.00629828,0,-0.00485223,-0.016626,0.0040294,-0.00728043,-0.000980993,-0.00576853,-0.0176115,0.00305066,-4.67462e-17,0
carries,RB1,label,TEAM_VOLUME,leak,test,100,0.0407374,0,-0.00217273,-0.0834882,0.164963,0.03519,-0.00497132,-0.00736299,-0.0889772,0.159357,-1.03326,1.46346
carries,RB1,label,WR1,player,test,99,-0.00215035,0,-0.00137061,-0.00779681,0.00349611,-0.00141069,0.000688762,-0.00067902,-0.00705339,0.00423202,-0.0457871,0.0593928
carries,RB1,label,WR2,player,test,92,0.000254872,0,9.29808e-19,-0.00912507,0.00963482,0.000144853,-0.000118564,-0.000102572,-0.00923513,0.00952484,-0.0532143,0.0405732
carries,RB1,label,WR3,player,test,86,-0.00160772,0,-0.00343857,-0.0147194,0.011504,-0.00184704,-0.000243744,-0.00366137,-0.0149578,0.0112637,-0.0952381,0.085119
carries,RB1,label,WR4+,player,test,126,0.00450593,0,0.00448718,-0.00140274,0.0104146,0.00182469,-0.00267745,0.0019642,-0.00408452,0.00773389,-0.0357143,0.0778571
carries,RB2,label,GRP_QB,group,all,99,0.0614859,0,0.0537715,0.0189901,0.103982,0.0276515,-0.0353866,0.0210672,-0.014651,0.0699541,-0.304948,0.553695
carries,RB2,label,GRP_RB,group,all,102,0.892992,0.926126,0.841972,0.752289,1.03369,0.79993,0.85151,0.752047,0.660099,0.939761,-0.351961,2.25572
carries,RB2,label,GRP_TE,group,all,101,0.0023356,0,0.00183083,-0.00153298,0.00620418,0.000635144,-0.00164503,0.000188207,-0.00322576,0.00449604,-2.61229e-17,0
carries,RB2,label,GRP_WR,group,all,102,0.0336358,0,0.0318956,0.0152513,0.0520202,0.0298633,-0.00340008,0.0282503,0.0114903,0.0482362,-0.1,0.211932
carries,RB2,label,NEW,total,all,102,0.313339,0,0.285973,0.212881,0.413796,0.210344,-0.080376,0.18645,0.11078,0.309908,0,1.8
carries,RB2,label,NEW_QB,new,all,11,0.229774,0.15,0.209524,0.131441,0.328106,0.0200221,0.00637181,0.0102354,-0.0684552,0.108499,0.046875,0.544643
carries,RB2,label,NEW_RB,new,all,48,0.603757,0.369318,0.561168,0.429012,0.778503,0.38118,0.138647,0.346268,0.210061,0.5523,0,2.12118
carries,RB2,label,NEW_TE,new,all,25,0.00461538,0,0.00445765,-0.00297646,0.0122072,0.00139735,-0.00319527,0.00137159,-0.00619932,0.00899401,0,0
carries,RB2,label,NEW_WR,new,all,45,0.00749559,0,0.00730519,0.000368648,0.0146225,-0.000641909,-0.00769394,-0.000563606,-0.00775881,0.00647499,0,0.0666667
carries,RB2,label,NOWHERE,leak,all,102,0.0113821,0,0.0721276,-0.134473,0.157237,0.14269,0.11071,0.199009,-0.00170396,0.287084,-1.28393,1.40892
carries,RB2,label,OTHER_MISSING,leak,all,102,0.0978064,0.0392308,0.0967742,0.0728387,0.122774,-0.129184,-0.172299,-0.122565,-0.15472,-0.103649,0,0.387444
carries,RB2,label,QB1,player,all,90,0.0250583,-2.89623e-17,0.0164406,-0.0207817,0.0708983,0.0235098,-0.002003,0.0149443,-0.0223201,0.0693397,-0.34159,0.548903
carries,RB2,label,QB2+,player,all,20,0.191593,0.0871212,0.193309,0.0710494,0.312136,0.00905023,-0.1189,0.0174895,-0.112184,0.130284,-0.04625,0.776136
carries,RB2,label,RB1,player,all,101,0.446058,0.416667,0.416575,0.332283,0.559834,0.51649,0.493605,0.484665,0.402205,0.630776,-0.529412,1.52381
carries,RB2,label,RB3+,player,all,147,0.313152,0.142857,0.294984,0.245489,0.380814,0.196791,0.0363272,0.182891,0.129623,0.26396,-0.162319,1.29919
carries,RB2,label,ROTATION,total,all,102,0.988618,1,0.927872,0.842763,1.13447,0.85731,0.88929,0.800991,0.712916,1.0017,-0.408918,2.28393
carries,RB2,label,TE1,player,all,92,0.000789337,0,0.000402901,-0.00207884,0.00365751,0.000478525,-0.000299686,0.000102974,-0.00238812,0.00334517,0,0
carries,RB2,label,TE2+,player,all,102,0.00160075,0,0.00145507,-0.00123619,0.00443769,0.000285533,-0.00127166,0.000181104,-0.00254882,0.00311989,0,0
carries,RB2,label,TEAM_VOLUME,leak,all,102,0.20415,0.0909091,0.117071,0.0423621,0.365938,0.196838,0.0822225,0.110006,0.0351656,0.358511,-1.14616,1.91458
carries,RB2,label,WR1,player,all,101,0.00805068,0,0.00733138,-0.00158346,0.0176848,0.00902721,0.00101937,0.00827489,-0.000609072,0.0186635,-0.0740741,0.111111
carries,RB2,label,WR2,player,all,97,0.0181748,0,0.0152672,0.00519209,0.0311576,0.0180295,-0.00014052,0.0151267,0.00504786,0.0310111,-0.0609848,0.144286
carries,RB2,label,WR3,player,all,82,0.00175693,0,0.00271985,-0.0064936,0.0100075,0.00143768,-0.000318742,0.00241181,-0.00681441,0.00968977,-0.047619,0.0998387
carries,RB2,label,WR4+,player,all,116,0.00612673,0,0.00704,-0.00172762,0.0139811,0.00254733,-0.00353751,0.00356146,-0.0053184,0.0104131,-0.0377778,0.1
carries,RB2,label,GRP_QB,group,fit,77,0.0461207,0,0.0393738,-0.00270359,0.0949449,0.0126587,-0.0384637,0.00705917,-0.0359648,0.0612823,-0.305547,0.590476
carries,RB2,label,GRP_RB,group,fit,79,0.886191,0.909091,0.833641,0.726504,1.04588,0.794171,0.812676,0.744844,0.635497,0.952844,-0.360504,2.28478
carries,RB2,label,GRP_TE,group,fit,78,0.00355849,0,0.00280899,-0.0013597,0.00847668,0.00187698,-0.00164503,0.00118706,-0.0030299,0.00678385,-0.00441176,0.00483871
carries,RB2,label,GRP_WR,group,fit,79,0.0277499,0,0.0268022,0.0103174,0.0451823,0.0240196,-0.00340008,0.0232026,0.00659331,0.0414459,-0.1,0.2
carries,RB2,label,NEW,total,fit,79,0.287117,0,0.263401,0.184991,0.389243,0.185276,-0.0791763,0.165126,0.0841389,0.286413,0,1.755
carries,RB2,label,NEW_QB,new,fit,9,0.230418,0.15,0.209302,0.114488,0.346347,0.0192343,0.00637181,0.0102245,-0.0860245,0.124493,0.0413793,0.578571
carries,RB2,label,NEW_RB,new,fit,36,0.559884,0.375,0.528856,0.381324,0.738443,0.337421,0.138647,0.314576,0.162328,0.512514,0,1.92353
carries,RB2,label,NEW_TE,new,fit,21,0.00549451,0,0.00537634,-0.00354341,0.0145324,0.00222104,-0.00332308,0.00224979,-0.00682691,0.011269,0,0
carries,RB2,label,NEW_WR,new,fit,39,0.00864876,0,0.00835655,0.000454165,0.0168434,0.000582482,-0.00769394,0.00055545,-0.00759328,0.00875825,0,0.0861111
carries,RB2,label,NOWHERE,leak,fit,79,0.0375928,0,0.0984288,-0.125127,0.200313,0.16743,0.122572,0.22372,0.00638776,0.328473,-1.29048,1.41345
carries,RB2,label,OTHER_MISSING,leak,fit,79,0.0962965,0.037037,0.0961183,0.0669026,0.12569,-0.128153,-0.169512,-0.120471,-0.158431,-0.0978746,0,0.365667
carries,RB2,label,QB1,player,fit,68,0.0197088,-0.033908,0.00966184,-0.0317116,0.0711292,0.0181791,-0.0352797,0.00818537,-0.0332271,0.0695853,-0.318298,0.562338
carries,RB2,label,QB2+,player,fit,17,0.130064,9.00181e-18,0.141921,0.0413891,0.21874,-0.0522715,-0.127825,-0.0336289,-0.145399,0.0408558,-0.06,0.464286
carries,RB2,label,RB1,player,fit,78,0.444057,0.400132,0.409515,0.318625,0.56949,0.513625,0.4673,0.476692,0.387482,0.639768,-0.504412,1.52205
carries,RB2,label,RB3+,player,fit,118,0.299768,0.137626,0.284223,0.221833,0.377702,0.184606,0.0131399,0.173558,0.107078,0.262134,-0.170045,1.34071
carries,RB2,label,ROTATION,total,fit,79,0.962407,1,0.901571,0.799687,1.12513,0.83257,0.877428,0.77628,0.671527,0.993612,-0.413445,2.29048
carries,RB2,label,TE1,player,fit,70,0.00163265,0,0.00104603,-0.00200248,0.00526778,0.00132516,-0.000299686,0.000749788,-0.00230764,0.00495797,0,0
carries,RB2,label,TE2+,player,fit,80,0.00204096,0,0.00182732,-0.00157682,0.00565873,0.000743243,-0.00127166,0.000572507,-0.00287083,0.00435732,0,0
carries,RB2,label,TEAM_VOLUME,leak,fit,79,0.153228,0.0869565,0.068854,-0.0255075,0.331963,0.145998,0.0786476,0.0618774,-0.0326079,0.324604,-1.22941,1.87917
carries,RB2,label,WR1,player,fit,78,0.00409288,0,0.00375059,-0.00541066,0.0135964,0.0050588,0.000980162,0.0046825,-0.00444629,0.0145639,-0.0691667,0.101071
carries,RB2,label,WR2,player,fit,75,0.0184932,0,0.0170648,0.00629345,0.030693,0.0183495,-0.000135501,0.0169261,0.0061504,0.0305486,-0.0440711,0.145
carries,RB2,label,WR3,player,fit,62,0.00259238,0,0.00353982,-0.00657252,0.0117573,0.00227773,-0.000318742,0.00323669,-0.00688914,0.0114446,-0.0397857,0.0998387
carries,RB2,label,WR4+,player,fit,81,0.00401574,0,0.00405954,-0.00162373,0.00965521,0.000488885,-0.00347077,0.000635739,-0.00515293,0.0061307,-0.0357143,0.1
carries,RB2,label,GRP_QB,group,test,22,0.115264,0.103175,0.107018,0.0301182,0.20041,0.0801263,0.0657284,0.0728725,-0.00458643,0.164839,-0.159407,0.543182
carries,RB2,label,GRP_RB,group,test,23,0.916352,0.964286,0.872269,0.612303,1.2204,0.819711,0.877415,0.778244,0.517356,1.12207,-0.182194,2.13794
carries,RB2,label,GRP_TE,group,test,23,-0.00181159,0,-0.00168067,-0.00479149,0.0011683,-0.00357629,-0.0017083,-0.00339759,-0.00656446,-0.000588119,0,0
carries,RB2,label,GRP_WR,group,test,23,0.0538525,0,0.0504202,-0.00196591,0.109671,0.049935,-0.00410843,0.0466087,-0.00583795,0.105708,-0.135979,0.385926
carries,RB2,label,NEW,total,test,23,0.403404,0,0.368067,0.125621,0.681186,0.296448,-0.0928274,0.264007,0.0206129,0.572283,0,2.016
carries,RB2,label,NEW_QB,new,test,2,0.226875,0.226875,0.210526,0.00789769,0.445852,0.0235668,0.0235668,0.0102843,-0.154341,0.201475,0.107062,0.346687
carries,RB2,label,NEW_RB,new,test,12,0.735378,0.256818,0.659236,0.27509,1.19567,0.512459,0.0527674,0.442453,0.0628343,0.962085,0,2.34
carries,RB2,label,NEW_TE,new,test,4,0,0,0,0,0,-0.00292704,-0.00297082,-0.00288963,-0.0032337,-0.00262039,0,0
carries,RB2,label,NEW_WR,new,test,6,0,0,0,0,0,-0.00860045,-0.00815557,-0.00833924,-0.00974806,-0.00745284,0,0
carries,RB2,label,NOWHERE,leak,test,23,-0.0786459,-0.117647,-0.0235294,-0.409399,0.252108,0.0577122,-0.0167053,0.109137,-0.270183,0.385607,-1.10139,1.18044
carries,RB2,label,OTHER_MISSING,leak,test,23,0.102993,0.0434783,0.0991597,0.0564524,0.149533,-0.132729,-0.185403,-0.13018,-0.178656,-0.086801,0,0.386
carries,RB2,label,QB1,player,test,22,0.0415931,0.0846561,0.0385965,-0.0599492,0.143135,0.0399864,0.0829439,0.0370352,-0.0615493,0.141522,-0.364706,0.495
carries,RB2,label,QB2+,player,test,3,0.540255,0.264706,0.4875,-0.0682909,1.1488,0.35654,0.125602,0.310143,-0.23126,0.94434,0.101471,1.17193
carries,RB2,label,RB1,player,test,23,0.452844,0.458333,0.442017,0.185204,0.720485,0.526208,0.530232,0.513394,0.258205,0.794211,-0.535741,1.728
carries,RB2,label,RB3+,player,test,29,0.36761,0.28,0.341789,0.23577,0.499449,0.246374,0.15778,0.223486,0.116931,0.375816,-0.107049,1.10476
carries,RB2,label,ROTATION,total,test,23,1.07865,1.11765,1.02353,0.747892,1.4094,0.942288,1.01671,0.890863,0.614393,1.27018,-0.180444,2.10139
carries,RB2,label,TE1,player,test,22,-0.00189394,0,-0.00175439,-0.00500928,0.0012214,-0.00221533,-0.000305449,-0.00206669,-0.00533197,0.000901314,0,0
carries,RB2,label,TE2+,player,test,22,0,0,0,0,0,-0.00137887,-0.00137339,-0.00134887,-0.00145365,-0.00130409,0,0
carries,RB2,label,TEAM_VOLUME,leak,test,23,0.379057,0.214286,0.292437,0.00619498,0.751919,0.371464,0.207461,0.28505,-0.00115701,0.744085,-1.03021,2.3625
carries,RB2,label,WR1,player,test,23,0.0214728,0,0.0201681,-0.0059489,0.0488945,0.0224853,0.00101937,0.0211532,-0.00494221,0.0499128,-0.0705128,0.164286
carries,RB2,label,WR2,player,test,22,0.0170895,0,0.00878735,-0.0230249,0.0572038,0.0169385,-0.000146141,0.00864065,-0.0231709,0.0570479,-0.0624053,0.0728704
carries,RB2,label,WR3,player,test,20,-0.000832988,0,6.51794e-19,-0.0196099,0.017944,-0.00116647,-0.000325117,-0.000324356,-0.0199455,0.0176126,-0.0766204,0.082
carries,RB2,label,WR4+,player,test,35,0.0110122,0,0.0143172,-0.0116959,0.0337202,0.00731115,-0.00360426,0.010705,-0.0154408,0.0300631,-0.0494286,0.20163
carries,RB3+,label,GRP_QB,group,all,1,0.0344828,0.0344828,0.0344828,,,0.00397704,0.00397704,0.00397704,,,0.0344828,0.0344828
carries,RB3+,label,GRP_RB,group,all,1,0.137931,0.137931,0.137931,,,0.0540557,0.0540557,0.0540557,,,0.137931,0.137931
carries,RB3+,label,GRP_TE,group,all,1,0,0,0,,,-0.00153158,-0.00153158,-0.00153158,,,0,0
carries,RB3+,label,GRP_WR,group,all,1,-0.0344828,-0.0344828,-0.0344828,,,-0.0378828,-0.0378828,-0.0378828,,,-0.0344828,-0.0344828
carries,RB3+,label,NEW,total,all,1,0,0,0,,,-0.0928274,-0.0928274,-0.0928274,,,0,0
carries,RB3+,label,NOWHERE,leak,all,1,0.862069,0.862069,0.862069,,,0.980414,0.980414,0.980414,,,0.862069,0.862069
carries,RB3+,label,OTHER_MISSING,leak,all,1,0,0,0,,,-0.204583,-0.204583,-0.204583,,,0,0
carries,RB3+,label,QB1,player,all,1,0.0344828,0.0344828,0.0344828,,,0.0330879,0.0330879,0.0330879,,,0.0344828,0.0344828
carries,RB3+,label,RB1,player,all,1,0.0689655,0.0689655,0.0689655,,,0.132638,0.132638,0.132638,,,0.0689655,0.0689655
carries,RB3+,label,RB2,player,all,1,0.137931,0.137931,0.137931,,,0.0767157,0.0767157,0.0767157,,,0.137931,0.137931
carries,RB3+,label,RB3+,player,all,1,-0.0689655,-0.0689655,-0.0689655,,,-0.174327,-0.174327,-0.174327,,,-0.0689655,-0.0689655
carries,RB3+,label,ROTATION,total,all,1,0.137931,0.137931,0.137931,,,0.0195855,0.0195855,0.0195855,,,0.137931,0.137931
carries,RB3+,label,TE2+,player,all,1,0,0,0,,,-0.00118396,-0.00118396,-0.00118396,,,0,0
carries,RB3+,label,TEAM_VOLUME,leak,all,1,-0.862069,-0.862069,-0.862069,,,-0.868659,-0.868659,-0.868659,,,-0.862069,-0.862069
carries,RB3+,label,WR1,player,all,1,0,0,0,,,0.000878766,0.000878766,0.000878766,,,0,0
carries,RB3+,label,WR2,player,all,1,-0.0344828,-0.0344828,-0.0344828,,,-0.0346136,-0.0346136,-0.0346136,,,-0.0344828,-0.0344828
carries,RB3+,label,WR3,player,all,1,0,0,0,,,-0.000285769,-0.000285769,-0.000285769,,,0,0
carries,RB3+,label,WR4+,player,all,2,0,0,0,0,0,-0.0032314,-0.0032314,-0.0032314,-0.0032314,-0.0032314,0,0
carries,RB3+,label,GRP_QB,group,fit,1,0.0344828,0.0344828,0.0344828,,,0.00397704,0.00397704,0.00397704,,,0.0344828,0.0344828
carries,RB3+,label,GRP_RB,group,fit,1,0.137931,0.137931,0.137931,,,0.0540557,0.0540557,0.0540557,,,0.137931,0.137931
carries,RB3+,label,GRP_TE,group,fit,1,0,0,0,,,-0.00153158,-0.00153158,-0.00153158,,,0,0
carries,RB3+,label,GRP_WR,group,fit,1,-0.0344828,-0.0344828,-0.0344828,,,-0.0378828,-0.0378828,-0.0378828,,,-0.0344828,-0.0344828
carries,RB3+,label,NEW,total,fit,1,0,0,0,,,-0.0928274,-0.0928274,-0.0928274,,,0,0
carries,RB3+,label,NOWHERE,leak,fit,1,0.862069,0.862069,0.862069,,,0.980414,0.980414,0.980414,,,0.862069,0.862069
carries,RB3+,label,OTHER_MISSING,leak,fit,1,0,0,0,,,-0.204583,-0.204583,-0.204583,,,0,0
carries,RB3+,label,QB1,player,fit,1,0.0344828,0.0344828,0.0344828,,,0.0330879,0.0330879,0.0330879,,,0.0344828,0.0344828
carries,RB3+,label,RB1,player,fit,1,0.0689655,0.0689655,0.0689655,,,0.132638,0.132638,0.132638,,,0.0689655,0.0689655
carries,RB3+,label,RB2,player,fit,1,0.137931,0.137931,0.137931,,,0.0767157,0.0767157,0.0767157,,,0.137931,0.137931
carries,RB3+,label,RB3+,player,fit,1,-0.0689655,-0.0689655,-0.0689655,,,-0.174327,-0.174327,-0.174327,,,-0.0689655,-0.0689655
carries,RB3+,label,ROTATION,total,fit,1,0.137931,0.137931,0.137931,,,0.0195855,0.0195855,0.0195855,,,0.137931,0.137931
carries,RB3+,label,TE2+,player,fit,1,0,0,0,,,-0.00118396,-0.00118396,-0.00118396,,,0,0
carries,RB3+,label,TEAM_VOLUME,leak,fit,1,-0.862069,-0.862069,-0.862069,,,-0.868659,-0.868659,-0.868659,,,-0.862069,-0.862069
carries,RB3+,label,WR1,player,fit,1,0,0,0,,,0.000878766,0.000878766,0.000878766,,,0,0
carries,RB3+,label,WR2,player,fit,1,-0.0344828,-0.0344828,-0.0344828,,,-0.0346136,-0.0346136,-0.0346136,,,-0.0344828,-0.0344828
carries,RB3+,label,WR3,player,fit,1,0,0,0,,,-0.000285769,-0.000285769,-0.000285769,,,0,0
carries,RB3+,label,WR4+,player,fit,2,0,0,0,0,0,-0.0032314,-0.0032314,-0.0032314,-0.0032314,-0.0032314,0,0
carries,TE2+,label,GRP_RB,group,all,1,-0.181818,-0.181818,-0.181818,,,-0.255527,-0.255527,-0.255527,,,-0.181818,-0.181818
carries,TE2+,label,GRP_TE,group,all,1,0,0,0,,,-0.00134594,-0.00134594,-0.00134594,,,0,0
carries,TE2+,label,GRP_WR,group,all,1,-0.121212,-0.121212,-0.121212,,,-0.1242,-0.1242,-0.1242,,,-0.121212,-0.121212
carries,TE2+,label,NEW,total,all,1,0.363636,0.363636,0.363636,,,0.282061,0.282061,0.282061,,,0.363636,0.363636
carries,TE2+,label,NEW_QB,new,all,1,0.272727,0.272727,0.272727,,,0.099791,0.099791,0.099791,,,0.272727,0.272727
carries,TE2+,label,NEW_RB,new,all,1,0.0909091,0.0909091,0.0909091,,,-0.0809839,-0.0809839,-0.0809839,,,0.0909091,0.0909091
carries,TE2+,label,NEW_TE,new,all,1,0,0,0,,,-0.00251748,-0.00251748,-0.00251748,,,0,0
carries,TE2+,label,NEW_WR,new,all,1,0,0,0,,,-0.00652819,-0.00652819,-0.00652819,,,0,0
carries,TE2+,label,NOWHERE,leak,all,1,1.30303,1.30303,1.30303,,,1.40703,1.40703,1.40703,,,1.30303,1.30303
carries,TE2+,label,OTHER_MISSING,leak,all,1,0.030303,0.030303,0.030303,,,-0.149482,-0.149482,-0.149482,,,0.030303,0.030303
carries,TE2+,label,RB1,player,all,1,0.030303,0.030303,0.030303,,,0.0862578,0.0862578,0.0862578,,,0.030303,0.030303
carries,TE2+,label,RB2,player,all,1,-0.212121,-0.212121,-0.212121,,,-0.265916,-0.265916,-0.265916,,,-0.212121,-0.212121
carries,TE2+,label,RB3+,player,all,1,2.01859e-17,2.01859e-17,2.01859e-17,,,-0.0925907,-0.0925907,-0.0925907,,,2.01859e-17,2.01859e-17
carries,TE2+,label,ROTATION,total,all,1,-0.30303,-0.30303,-0.30303,,,-0.407031,-0.407031,-0.407031,,,-0.30303,-0.30303
carries,TE2+,label,TE1,player,all,1,0,0,0,,,-0.000245198,-0.000245198,-0.000245198,,,0,0
carries,TE2+,label,TEAM_VOLUME,leak,all,1,-0.969697,-0.969697,-0.969697,,,-0.975488,-0.975488,-0.975488,,,-0.969697,-0.969697
carries,TE2+,label,WR1,player,all,1,0,0,0,,,0.000772248,0.000772248,0.000772248,,,0,0
carries,TE2+,label,WR3,player,all,1,-0.121212,-0.121212,-0.121212,,,-0.121463,-0.121463,-0.121463,,,-0.121212,-0.121212
carries,TE2+,label,WR4+,player,all,3,0,0,0,0,0,-0.00283972,-0.00283972,-0.00283972,-0.00283972,-0.00283972,0,0
carries,TE2+,label,GRP_RB,group,fit,1,-0.181818,-0.181818,-0.181818,,,-0.255527,-0.255527,-0.255527,,,-0.181818,-0.181818
carries,TE2+,label,GRP_TE,group,fit,1,0,0,0,,,-0.00134594,-0.00134594,-0.00134594,,,0,0
carries,TE2+,label,GRP_WR,group,fit,1,-0.121212,-0.121212,-0.121212,,,-0.1242,-0.1242,-0.1242,,,-0.121212,-0.121212
carries,TE2+,label,NEW,total,fit,1,0.363636,0.363636,0.363636,,,0.282061,0.282061,0.282061,,,0.363636,0.363636
carries,TE2+,label,NEW_QB,new,fit,1,0.272727,0.272727,0.272727,,,0.099791,0.099791,0.099791,,,0.272727,0.272727
carries,TE2+,label,NEW_RB,new,fit,1,0.0909091,0.0909091,0.0909091,,,-0.0809839,-0.0809839,-0.0809839,,,0.0909091,0.0909091
carries,TE2+,label,NEW_TE,new,fit,1,0,0,0,,,-0.00251748,-0.00251748,-0.00251748,,,0,0
carries,TE2+,label,NEW_WR,new,fit,1,0,0,0,,,-0.00652819,-0.00652819,-0.00652819,,,0,0
carries,TE2+,label,NOWHERE,leak,fit,1,1.30303,1.30303,1.30303,,,1.40703,1.40703,1.40703,,,1.30303,1.30303
carries,TE2+,label,OTHER_MISSING,leak,fit,1,0.030303,0.030303,0.030303,,,-0.149482,-0.149482,-0.149482,,,0.030303,0.030303
carries,TE2+,label,RB1,player,fit,1,0.030303,0.030303,0.030303,,,0.0862578,0.0862578,0.0862578,,,0.030303,0.030303
carries,TE2+,label,RB2,player,fit,1,-0.212121,-0.212121,-0.212121,,,-0.265916,-0.265916,-0.265916,,,-0.212121,-0.212121
carries,TE2+,label,RB3+,player,fit,1,2.01859e-17,2.01859e-17,2.01859e-17,,,-0.0925907,-0.0925907,-0.0925907,,,2.01859e-17,2.01859e-17
carries,TE2+,label,ROTATION,total,fit,1,-0.30303,-0.30303,-0.30303,,,-0.407031,-0.407031,-0.407031,,,-0.30303,-0.30303
carries,TE2+,label,TE1,player,fit,1,0,0,0,,,-0.000245198,-0.000245198,-0.000245198,,,0,0
carries,TE2+,label,TEAM_VOLUME,leak,fit,1,-0.969697,-0.969697,-0.969697,,,-0.975488,-0.975488,-0.975488,,,-0.969697,-0.969697
carries,TE2+,label,WR1,player,fit,1,0,0,0,,,0.000772248,0.000772248,0.000772248,,,0,0
carries,TE2+,label,WR3,player,fit,1,-0.121212,-0.121212,-0.121212,,,-0.121463,-0.121463,-0.121463,,,-0.121212,-0.121212
carries,TE2+,label,WR4+,player,fit,3,0,0,0,0,0,-0.00283972,-0.00283972,-0.00283972,-0.00283972,-0.00283972,0,0
carries,WR2,label,GRP_QB,group,all,1,0.185185,0.185185,0.185185,,,0.15242,0.15242,0.15242,,,0.185185,0.185185
carries,WR2,label,GRP_RB,group,all,1,1.55556,1.55556,1.55556,,,1.46547,1.46547,1.46547,,,1.55556,1.55556
carries,WR2,label,GRP_TE,group,all,1,0,0,0,,,-0.00164503,-0.00164503,-0.00164503,,,0,0
carries,WR2,label,GRP_WR,group,all,1,-0.037037,-0.037037,-0.037037,,,-0.040689,-0.040689,-0.040689,,,-0.037037,-0.037037
carries,WR2,label,NEW,total,all,1,0,0,0,,,-0.0997035,-0.0997035,-0.0997035,,,0,0
carries,WR2,label,NEW_WR,new,all,1,0,0,0,,,-0.0079789,-0.0079789,-0.0079789,,,0,0
carries,WR2,label,NOWHERE,leak,all,1,-0.703704,-0.703704,-0.703704,,,-0.576592,-0.576592,-0.576592,,,-0.703704,-0.703704
carries,WR2,label,OTHER_MISSING,leak,all,1,0,0,0,,,-0.219737,-0.219737,-0.219737,,,0,0
carries,WR2,label,QB1,player,all,1,0.185185,0.185185,0.185185,,,0.183687,0.183687,0.183687,,,0.185185,0.185185
carries,WR2,label,RB1,player,all,1,1.62963,1.62963,1.62963,,,1.69802,1.69802,1.69802,,,1.62963,1.62963
carries,WR2,label,RB2,player,all,1,-0.148148,-0.148148,-0.148148,,,-0.213898,-0.213898,-0.213898,,,-0.148148,-0.148148
carries,WR2,label,RB3+,player,all,1,0.0740741,0.0740741,0.0740741,,,-0.0390923,-0.0390923,-0.0390923,,,0.0740741,0.0740741
carries,WR2,label,ROTATION,total,all,1,1.7037,1.7037,1.7037,,,1.57659,1.57659,1.57659,,,1.7037,1.7037
carries,WR2,label,TE1,player,all,1,0,0,0,,,-0.000299686,-0.000299686,-0.000299686,,,0,0
carries,WR2,label,TE2+,player,all,2,0,0,0,0,0,-0.00127166,-0.00127166,-0.00127166,-0.00127166,-0.00127166,0,0
carries,WR2,label,TEAM_VOLUME,leak,all,1,0.703704,0.703704,0.703704,,,0.696626,0.696626,0.696626,,,0.703704,0.703704
carries,WR2,label,WR1,player,all,1,0,0,0,,,0.000943859,0.000943859,0.000943859,,,0,0
carries,WR2,label,WR3,player,all,1,0,0,0,,,-0.000306937,-0.000306937,-0.000306937,,,0,0
carries,WR2,label,WR4+,player,all,2,-0.0185185,-0.0185185,-0.0185185,-0.0489796,0.0119426,-0.0219893,-0.0219893,-0.0219893,-0.0524504,0.00847183,-0.0351852,-0.00185185
carries,WR2,label,GRP_QB,group,fit,1,0.185185,0.185185,0.185185,,,0.15242,0.15242,0.15242,,,0.185185,0.185185
carries,WR2,label,GRP_RB,group,fit,1,1.55556,1.55556,1.55556,,,1.46547,1.46547,1.46547,,,1.55556,1.55556
carries,WR2,label,GRP_TE,group,fit,1,0,0,0,,,-0.00164503,-0.00164503,-0.00164503,,,0,0
carries,WR2,label,GRP_WR,group,fit,1,-0.037037,-0.037037,-0.037037,,,-0.040689,-0.040689,-0.040689,,,-0.037037,-0.037037
carries,WR2,label,NEW,total,fit,1,0,0,0,,,-0.0997035,-0.0997035,-0.0997035,,,0,0
carries,WR2,label,NEW_WR,new,fit,1,0,0,0,,,-0.0079789,-0.0079789,-0.0079789,,,0,0
carries,WR2,label,NOWHERE,leak,fit,1,-0.703704,-0.703704,-0.703704,,,-0.576592,-0.576592,-0.576592,,,-0.703704,-0.703704
carries,WR2,label,OTHER_MISSING,leak,fit,1,0,0,0,,,-0.219737,-0.219737,-0.219737,,,0,0
carries,WR2,label,QB1,player,fit,1,0.185185,0.185185,0.185185,,,0.183687,0.183687,0.183687,,,0.185185,0.185185
carries,WR2,label,RB1,player,fit,1,1.62963,1.62963,1.62963,,,1.69802,1.69802,1.69802,,,1.62963,1.62963
carries,WR2,label,RB2,player,fit,1,-0.148148,-0.148148,-0.148148,,,-0.213898,-0.213898,-0.213898,,,-0.148148,-0.148148
carries,WR2,label,RB3+,player,fit,1,0.0740741,0.0740741,0.0740741,,,-0.0390923,-0.0390923,-0.0390923,,,0.0740741,0.0740741
carries,WR2,label,ROTATION,total,fit,1,1.7037,1.7037,1.7037,,,1.57659,1.57659,1.57659,,,1.7037,1.7037
carries,WR2,label,TE1,player,fit,1,0,0,0,,,-0.000299686,-0.000299686,-0.000299686,,,0,0
carries,WR2,label,TE2+,player,fit,2,0,0,0,0,0,-0.00127166,-0.00127166,-0.00127166,-0.00127166,-0.00127166,0,0
carries,WR2,label,TEAM_VOLUME,leak,fit,1,0.703704,0.703704,0.703704,,,0.696626,0.696626,0.696626,,,0.703704,0.703704
carries,WR2,label,WR1,player,fit,1,0,0,0,,,0.000943859,0.000943859,0.000943859,,,0,0
carries,WR2,label,WR3,player,fit,1,0,0,0,,,-0.000306937,-0.000306937,-0.000306937,,,0,0
carries,WR2,label,WR4+,player,fit,2,-0.0185185,-0.0185185,-0.0185185,-0.0489796,0.0119426,-0.0219893,-0.0219893,-0.0219893,-0.0524504,0.00847183,-0.0351852,-0.00185185
carries,QB,position,GRP_QB,group,all,3,0.52227,0.37931,0.463415,0.118943,0.925597,0.488844,0.348805,0.431049,0.0927943,0.884894,0.206681,0.937931
carries,QB,position,GRP_RB,group,all,6,0.530799,0.42381,0.583333,0.264757,0.796842,0.445978,0.338387,0.502254,0.171099,0.720857,0.200149,1.1061
carries,QB,position,GRP_TE,group,all,5,0.0228571,0,0.013245,-0.0273221,0.0730364,0.0213048,-0.001388,0.0117743,-0.0286362,0.0712458,-0.0228571,0.114286
carries,QB,position,GRP_WR,group,all,6,-0.00102035,0.0128205,1.85037e-18,-0.0316286,0.0295879,-0.00445879,0.0101478,-0.00328674,-0.0350718,0.0261542,-0.0621408,0.0435268
carries,QB,position,NEW,total,all,6,0.430746,0.247596,0.483333,-0.00403622,0.865529,0.336872,0.171021,0.3936,-0.104692,0.778436,0,1.37946
carries,QB,position,NEW_QB,new,all,4,0.281834,0.282418,0.276923,0.216628,0.34704,0.100456,0.115651,0.101326,0.0454146,0.155497,0.197946,0.364904
carries,QB,position,NEW_RB,new,all,1,1.45714,1.45714,1.45714,,,1.29507,1.29507,1.29507,,,1.45714,1.45714
carries,QB,position,NEW_TE,new,all,1,0,0,0,,,-0.00286472,-0.00286472,-0.00286472,,,0,0
carries,QB,position,NEW_WR,new,all,4,0,0,0,0,0,-0.00820466,-0.00820245,-0.0079057,-0.00967718,-0.00673214,0,0
carries,QB,position,NOWHERE,leak,all,6,0.190038,0.274384,0.194444,-0.134316,0.514393,0.309719,0.382586,0.308845,-0.0118991,0.631337,-0.391941,0.679688
carries,QB,position,OTHER_MISSING,leak,all,6,0.31237,0.0550595,0.372222,-0.0137094,0.63845,0.105479,-0.163743,0.174459,-0.241919,0.452877,0,1.04103
carries,QB,position,QB1,player,all,1,1,1,1,,,0.998074,0.998074,0.998074,,,1,1
carries,QB,position,QB2+,player,all,2,0.283405,0.283405,0.278689,0.125651,0.44116,0.127963,0.127963,0.123622,-0.017217,0.273142,0.197091,0.36972
carries,QB,position,RB1,player,all,6,-0.0328061,-0.116071,-0.0611111,-0.43269,0.367078,0.031585,-0.033638,0.000439157,-0.369878,0.433048,-0.716947,0.746552
carries,QB,position,RB2,player,all,5,0.362731,0.428571,0.434483,-0.0880285,0.813491,0.298588,0.344036,0.373267,-0.157574,0.754751,-0.331034,1.08285
carries,QB,position,RB3+,player,all,7,0.223997,0.114286,0.243119,0.0265277,0.421466,0.122794,0.0269859,0.145007,-0.0785591,0.324148,0,0.722756
carries,QB,position,ROTATION,total,all,6,0.809962,0.725616,0.805556,0.485607,1.13432,0.690281,0.617414,0.691155,0.368663,1.0119,0.320312,1.39194
carries,QB,position,TE1,player,all,5,0.0228571,0,0.013245,-0.0273221,0.0730364,0.0225743,-0.00025286,0.0129771,-0.0275614,0.0727101,-0.0228571,0.114286
carries,QB,position,TE2+,player,all,5,0,0,0,0,0,-0.00131003,-0.00143062,-0.00126231,-0.00151121,-0.00110886,0,0
carries,QB,position,TEAM_VOLUME,leak,all,6,-0.0716621,-0.0172414,-0.0833333,-0.272447,0.129123,-0.0783263,-0.0232664,-0.0897035,-0.278765,0.122112,-0.434896,0.292125
carries,QB,position,WR1,player,all,6,0.0142857,0,0.00555556,-0.0307106,0.0592821,0.0151744,0.000837573,0.00640503,-0.0299334,0.0602822,-0.0428571,0.107143
carries,QB,position,WR2,player,all,6,-0.027091,-0.0128205,-0.0222222,-0.0523253,-0.00185663,-0.0272233,-0.0129346,-0.0223487,-0.0524747,-0.00197184,-0.0818452,0
carries,QB,position,WR3,player,all,4,0.00339163,0.015625,0.00806452,-0.0399119,0.0466951,0.003116,0.0153229,0.00779718,-0.0402107,0.0464427,-0.0586207,0.0482772
carries,QB,position,WR4+,player,all,6,0.00952381,0,0.0117647,-0.0061419,0.0251895,0.00607538,-0.00307993,0.00845727,-0.00985113,0.0220019,0,0.0428571
carries,QB,position,GRP_QB,group,fit,1,1,1,1,,,0.957873,0.957873,0.957873,,,1,1
carries,QB,position,GRP_RB,group,fit,4,0.585531,0.42381,0.672269,0.205815,0.965247,0.49827,0.338387,0.590508,0.101204,0.895337,0.252381,1.14509
carries,QB,position,GRP_TE,group,fit,4,0.0285714,0,0.0168067,-0.035063,0.0922059,0.026978,-0.00149477,0.0153138,-0.03636,0.090316,-0.0242857,0.121429
carries,QB,position,GRP_WR,group,fit,4,0.00789835,0.0128205,0.00840336,-0.0236406,0.0394373,0.00436104,0.0101478,0.005089,-0.0271502,0.0358723,-0.0354167,0.0443223
carries,QB,position,NEW,total,fit,4,0.599245,0.341346,0.680672,-0.0267005,1.22519,0.50267,0.25075,0.590185,-0.136649,1.14199,0.0461538,1.51339
carries,QB,position,NEW_QB,new,fit,3,0.313278,0.307692,0.306122,0.257127,0.36943,0.130888,0.137213,0.131422,0.0985228,0.163252,0.262198,0.368269
carries,QB,position,NEW_RB,new,fit,1,1.45714,1.45714,1.45714,,,1.29507,1.29507,1.29507,,,1.45714,1.45714
carries,QB,position,NEW_WR,new,fit,3,0,0,0,0,0,-0.00846333,-0.00897626,-0.00807864,-0.010457,-0.00646971,0,0
carries,QB,position,NOWHERE,leak,fit,4,0.127999,0.116117,0.12605,-0.338197,0.594195,0.251121,0.209146,0.241412,-0.213021,0.715264,-0.406593,0.679226
carries,QB,position,OTHER_MISSING,leak,fit,4,0.45293,0.305861,0.546218,-0.00742014,0.913281,0.24009,0.0885381,0.346793,-0.26184,0.74202,0.00714286,1.10462
carries,QB,position,QB1,player,fit,1,1,1,1,,,0.998074,0.998074,0.998074,,,1,1
carries,QB,position,RB1,player,fit,4,-0.163164,-0.116071,-0.193277,-0.578418,0.25209,-0.0969213,-0.033638,-0.13121,-0.515472,0.32163,-0.726007,0.33375
carries,QB,position,RB2,player,fit,3,0.544567,0.428571,0.666667,-0.0355763,1.12471,0.476559,0.344036,0.603265,-0.119249,1.07237,0.0428571,1.12747
carries,QB,position,RB3+,player,fit,5,0.272216,0.114286,0.299363,0.0011307,0.543302,0.170702,0.0269859,0.202054,-0.106933,0.448338,0,0.772436
carries,QB,position,ROTATION,total,fit,4,0.872001,0.883883,0.87395,0.405805,1.3382,0.748879,0.790854,0.758588,0.284736,1.21302,0.320774,1.40659
carries,QB,position,TE1,player,fit,4,0.0285714,0,0.0168067,-0.035063,0.0922059,0.0282811,-0.000272311,0.0165347,-0.0352992,0.0918615,-0.0242857,0.121429
carries,QB,position,TE2+,player,fit,4,0,0,0,0,0,-0.0013693,-0.00143062,-0.00132057,-0.00159648,-0.00114213,0,0
carries,QB,position,TEAM_VOLUME,leak,fit,4,0.018315,0.0128205,0.00840336,-0.221727,0.258358,0.0114592,0.00764036,0.00197965,-0.228179,0.251098,-0.283333,0.327656
carries,QB,position,WR1,player,fit,4,0.0214286,0,0.00840336,-0.04874,0.0915972,0.0223428,0.000857641,0.00925997,-0.0479975,0.0926831,-0.0485714,0.121429
carries,QB,position,WR2,player,fit,4,-0.0406364,-0.0336538,-0.0336134,-0.0737346,-0.00753829,-0.0407726,-0.0337815,-0.033741,-0.0738991,-0.00764603,-0.0872024,-0.00384615
carries,QB,position,WR3,player,fit,2,0.025641,0.025641,0.031746,-0.0165359,0.0678179,0.0253621,0.0253621,0.0314829,-0.016924,0.0676483,0.0025641,0.0487179
carries,QB,position,WR4+,player,fit,3,0.0190476,0,0.025974,-0.0122838,0.050379,0.0151802,-0.00446241,0.022323,-0.0171299,0.0474903,0,0.0514286
carries,QB,position,GRP_QB,group,test,2,0.283405,0.283405,0.278689,0.125651,0.44116,0.254329,0.254329,0.249683,0.0989271,0.409732,0.197091,0.36972
carries,QB,position,GRP_RB,group,test,2,0.421336,0.421336,0.409836,0.036699,0.805973,0.341393,0.341393,0.330086,-0.0367775,0.719563,0.210884,0.631789
carries,QB,position,GRP_TE,group,test,1,0,0,0,,,-0.001388,-0.001388,-0.001388,,,0,0
carries,QB,position,GRP_WR,group,test,2,-0.0188578,-0.0188578,-0.0163934,-0.10128,0.0635645,-0.0220985,-0.0220985,-0.0196263,-0.104783,0.060586,-0.0639547,0.0262392
carries,QB,position,NEW,total,test,2,0.09375,0.09375,0.0983607,-0.0604594,0.247959,0.00527387,0.00527387,0.0100985,-0.156093,0.166641,0.009375,0.178125
carries,QB,position,NEW_QB,new,test,1,0.1875,0.1875,0.1875,,,0.00915948,0.00915948,0.00915948,,,0.1875,0.1875
carries,QB,position,NEW_TE,new,test,1,0,0,0,,,-0.00286472,-0.00286472,-0.00286472,,,0,0
carries,QB,position,NEW_WR,new,test,1,0,0,0,,,-0.00742863,-0.00742863,-0.00742863,,,0,0
carries,QB,position,NOWHERE,leak,test,2,0.314116,0.314116,0.327869,-0.145853,0.774086,0.426914,0.426914,0.440394,-0.0239299,0.877759,0.0624461,0.565787
carries,QB,position,OTHER_MISSING,leak,test,2,0.03125,0.03125,0.0327869,-0.0201531,0.0826531,-0.163743,-0.163743,-0.161735,-0.230921,-0.0965658,0.003125,0.059375
carries,QB,position,QB2+,player,test,2,0.283405,0.283405,0.278689,0.125651,0.44116,0.127963,0.127963,0.123622,-0.017217,0.273142,0.197091,0.36972
carries,QB,position,RB1,player,test,2,0.227909,0.227909,0.196721,-0.815219,1.27104,0.288598,0.288598,0.257263,-0.759441,1.33664,-0.342834,0.798653
carries,QB,position,RB2,player,test,2,0.0899784,0.0899784,0.114754,-0.738675,0.918632,0.0316326,0.0316326,0.0565494,-0.801741,0.865006,-0.363416,0.543373
carries,QB,position,RB3+,player,test,2,0.103448,0.103448,0.0983607,-0.0667138,0.27361,0.0030253,0.0030253,-0.00181943,-0.159013,0.165063,0.0103448,0.196552
carries,QB,position,ROTATION,total,test,2,0.685884,0.685884,0.672131,0.225914,1.14585,0.573086,0.573086,0.559606,0.122241,1.02393,0.434213,0.937554
carries,QB,position,TE1,player,test,1,0,0,0,,,-0.00025286,-0.00025286,-0.00025286,,,0,0
carries,QB,position,TE2+,player,test,1,0,0,0,,,-0.00107296,-0.00107296,-0.00107296,,,0,0
carries,QB,position,TEAM_VOLUME,leak,test,2,-0.251616,-0.251616,-0.262295,-0.608779,0.105547,-0.257897,-0.257897,-0.268561,-0.614552,0.0987577,-0.447037,-0.0561961
carries,QB,position,WR1,player,test,2,0,0,0,0,0,0.000837573,0.000837573,0.000835548,0.000769816,0.00090533,0,0
carries,QB,position,WR2,player,test,2,0,0,0,0,0,-0.000124696,-0.000124696,-0.000124395,-0.000134784,-0.000114609,0,0
carries,QB,position,WR3,player,test,2,-0.0188578,-0.0188578,-0.0163934,-0.10128,0.0635645,-0.0191301,-0.0191301,-0.0166652,-0.101574,0.0633142,-0.0639547,0.0262392
carries,QB,position,WR4+,player,test,3,0,0,0,0,0,-0.00302944,-0.00292846,-0.00302293,-0.00319554,-0.00286334,0,0
carries,RB,position,GRP_QB,group,all,443,0.0376578,0,0.0292898,0.0203487,0.0549669,0.0106665,-0.024574,0.00465701,-0.00654128,0.0278742,-0.267308,0.470316
carries,RB,position,GRP_RB,group,all,453,0.866972,0.851852,0.814976,0.8115,0.922445,0.792814,0.772098,0.747402,0.737785,0.847844,-0.224762,2.08967
carries,RB,position,GRP_TE,group,all,450,0.000499921,0,0.000615006,-0.00311174,0.00411158,-0.0008495,-0.00134594,-0.000614217,-0.00446137,0.00276237,-0.0294118,0
carries,RB,position,GRP_WR,group,all,455,0.0211307,0,0.0200512,0.0116625,0.030599,0.0181291,-0.00281721,0.0173169,0.00866353,0.0275947,-0.111111,0.207328
carries,RB,position,NEW,total,all,455,0.295877,0,0.279376,0.257829,0.333924,0.213928,-0.0427301,0.204726,0.176073,0.251783,0,1.36993
carries,RB,position,NEW_QB,new,all,56,0.159081,0.151923,0.143117,0.126209,0.191953,-0.00163127,0.00761436,-0.00208369,-0.032015,0.0287525,0,0.375
carries,RB,position,NEW_RB,new,all,265,0.467558,0.290323,0.423696,0.412373,0.522742,0.300709,0.133101,0.272377,0.246775,0.354642,0,1.66726
carries,RB,position,NEW_TE,new,all,124,0.00173787,0,0.00205526,-4.68849e-05,0.00352262,-0.000838073,-0.00244344,-0.000297223,-0.0026312,0.000955051,0,0
carries,RB,position,NEW_WR,new,all,199,0.00802562,0,0.00704712,0.00396796,0.0120833,0.00151209,-0.00615515,0.00112331,-0.00253311,0.0055573,0,0.0737484
carries,RB,position,NOWHERE,leak,all,455,0.0785488,0.139535,0.141029,0.018631,0.138467,0.183025,0.221958,0.2362,0.123818,0.242231,-1.25,1.23606
carries,RB,position,OTHER_MISSING,leak,all,455,0.124552,0.0416667,0.114822,0.109718,0.139386,-0.0560548,-0.114094,-0.0496998,-0.0707726,-0.0413369,0,0.518069
carries,RB,position,QB1,player,all,407,0.013667,0,0.0063031,-0.0039808,0.0313148,0.0124298,-0.00161803,0.00517515,-0.00521257,0.0300722,-0.298636,0.415196
carries,RB,position,QB2+,player,all,83,0.133975,0.0625,0.126995,0.0908528,0.177097,-0.01178,-0.0829742,-0.00629921,-0.0551708,0.0316107,-0.105082,0.482852
carries,RB,position,RB1,player,all,102,0.442361,0.412037,0.412934,0.329543,0.55518,0.512727,0.484701,0.480977,0.399398,0.626056,-0.527941,1.52371
carries,RB,position,RB2,player,all,321,0.519649,0.489362,0.502465,0.468606,0.570691,0.469391,0.451591,0.456409,0.418473,0.52031,-0.274194,1.49091
carries,RB,position,RB3+,player,all,592,0.305423,0.142857,0.283508,0.273651,0.337195,0.210362,0.0505835,0.197014,0.178864,0.241861,-0.148148,1.25651
carries,RB,position,ROTATION,total,all,455,0.921451,0.860465,0.858971,0.861533,0.981369,0.816975,0.778042,0.7638,0.757769,0.876182,-0.236061,2.25
carries,RB,position,TE1,player,all,416,0.00051606,0,0.000330753,-0.00122644,0.00225856,0.000271104,-0.000237986,0.000108086,-0.00147122,0.00201343,-0.0206253,0
carries,RB,position,TE2+,player,all,484,2.12469e-05,0,0.000283946,-0.00295442,0.00299692,-0.00101174,-0.00100985,-0.000659778,-0.0039879,0.00196441,0,0
carries,RB,position,TEAM_VOLUME,leak,all,455,0.0927758,0,0.0235251,0.0326652,0.152886,0.0869583,-0.00434331,0.0182257,0.0268946,0.147022,-1.02732,1.45929
carries,RB,position,WR1,player,all,453,0.00359601,0,0.00348773,9.92101e-05,0.0070928,0.00437174,0.00072812,0.00419411,0.00087442,0.00786906,-0.0555556,0.0972802
carries,RB,position,WR2,player,all,427,0.00653209,0,0.00505869,0.00183744,0.0112267,0.00641647,-0.000118564,0.00495363,0.00172215,0.0111108,-0.0522267,0.102414
carries,RB,position,WR3,player,all,378,0.00231162,0,0.00183164,-0.00213434,0.00675757,0.00205907,-0.00025113,0.00160212,-0.00238673,0.00650487,-0.0526316,0.0909091
carries,RB,position,WR4+,player,all,560,0.00771876,0,0.00831447,0.00267755,0.01276,0.00489459,-0.0027562,0.00573266,-0.000149253,0.00993843,-0.0357804,0.0800541
carries,RB,position,GRP_QB,group,fit,324,0.0314887,0,0.0242004,0.0111305,0.0518468,0.0047373,-0.0268327,-5.34538e-05,-0.015495,0.0249697,-0.283242,0.415931
carries,RB,position,GRP_RB,group,fit,331,0.872849,0.851852,0.816497,0.808932,0.936766,0.799278,0.772098,0.749887,0.735897,0.862659,-0.231973,2.08402
carries,RB,position,GRP_TE,group,fit,328,0.00315937,0,0.00282744,0.000203728,0.00611502,0.00182163,-0.00130635,0.00161593,-0.00113303,0.0047763,-0.0229965,0
carries,RB,position,GRP_WR,group,fit,332,0.0245055,0,0.0242354,0.0134498,0.0355612,0.0215254,-0.00273895,0.0215369,0.0104708,0.03258,-0.0921875,0.202647
carries,RB,position,NEW,total,fit,332,0.275499,0,0.260902,0.234132,0.316866,0.194137,-0.0444988,0.187228,0.152982,0.235293,0,1.31746
carries,RB,position,NEW_QB,new,fit,45,0.152327,0.15,0.135135,0.116153,0.188501,-0.00854791,0.00637181,-0.00946528,-0.0417048,0.024609,0,0.372727
carries,RB,position,NEW_RB,new,fit,189,0.439479,0.28125,0.396718,0.377917,0.50104,0.275048,0.10734,0.248884,0.214965,0.335131,0,1.45385
carries,RB,position,NEW_TE,new,fit,93,0.00176099,0,0.00181543,-0.000443421,0.00396539,-0.00081656,-0.00237363,-0.000522286,-0.00302363,0.00139051,0,0
carries,RB,position,NEW_WR,new,fit,147,0.00942692,0,0.00784167,0.00427169,0.0145821,0.00289935,-0.00615515,0.001929,-0.00222968,0.00802838,0,0.0820175
carries,RB,position,NOWHERE,leak,fit,332,0.0714236,0.133404,0.13585,0.00288737,0.13996,0.175152,0.22437,0.229777,0.107475,0.242829,-1.23281,1.1875
carries,RB,position,OTHER_MISSING,leak,fit,332,0.115458,0.0367003,0.106916,0.0984955,0.132421,-0.0638561,-0.117316,-0.0554551,-0.0808905,-0.0468218,0,0.518483
carries,RB,position,QB1,player,fit,299,0.0153033,0,0.00761747,-0.00564488,0.0362515,0.0140785,-0.00168545,0.00650746,-0.00686217,0.0350192,-0.300435,0.412255
carries,RB,position,QB2+,player,fit,57,0.098713,0.0322581,0.0985915,0.0593805,0.138045,-0.0466144,-0.0867333,-0.0323377,-0.0878608,-0.00536796,-0.103811,0.40873
carries,RB,position,RB1,player,fit,79,0.439309,0.392857,0.40497,0.315229,0.56339,0.508802,0.458804,0.4721,0.384014,0.63359,-0.502941,1.52195
carries,RB,position,RB2,player,fit,229,0.518619,0.461538,0.49805,0.456617,0.580622,0.46876,0.416019,0.452744,0.406918,0.530602,-0.288889,1.54286
carries,RB,position,RB3+,player,fit,456,0.297026,0.133333,0.276825,0.260967,0.333084,0.202722,0.0370538,0.191493,0.166914,0.23853,-0.14418,1.27586
carries,RB,position,ROTATION,total,fit,332,0.928576,0.866596,0.86415,0.86004,0.997113,0.824848,0.77563,0.770223,0.757171,0.892525,-0.1875,2.23281
carries,RB,position,TE1,player,fit,301,0.000876738,0,0.000627409,-0.00121616,0.00296964,0.000634917,-0.000231186,0.000409111,-0.00145776,0.00272759,0,0
carries,RB,position,TE2+,player,fit,341,0.00226503,0,0.00215741,0.00018106,0.004349,0.00123631,-0.00100985,0.00122188,-0.00084733,0.00331995,0,0
carries,RB,position,TEAM_VOLUME,leak,fit,332,0.0886173,0,0.0181354,0.019999,0.157236,0.0828414,-0.00491306,0.0129052,0.0142801,0.151403,-0.966394,1.40529
carries,RB,position,WR1,player,fit,331,0.00407251,0,0.00413223,3.01136e-05,0.00811491,0.00484258,0.00072812,0.00482936,0.000799773,0.00888539,-0.0563492,0.0960061
carries,RB,position,WR2,player,fit,313,0.00763509,0,0.00637722,0.00256376,0.0127064,0.00752031,-0.000111589,0.00627347,0.00244931,0.0125913,-0.0490842,0.111111
carries,RB,position,WR3,player,fit,272,0.00378204,0,0.00362209,-0.000607769,0.00817184,0.00353126,-0.000243744,0.0033953,-0.000858459,0.00792098,-0.0464286,0.0959293
carries,RB,position,WR4+,player,fit,399,0.00844444,0,0.00915999,0.001907,0.0149819,0.00565205,-0.0027562,0.00662298,-0.000888557,0.0121927,-0.0357143,0.0751923
carries,RB,position,GRP_QB,group,test,119,0.0544545,0,0.0439883,0.02159,0.0873189,0.0268097,-0.0226837,0.0182612,-0.00590181,0.0595212,-0.239286,0.474964
carries,RB,position,GRP_RB,group,test,122,0.851029,0.854783,0.810619,0.739471,0.962587,0.775278,0.749414,0.740282,0.664512,0.886044,-0.220789,2.15385
carries,RB,position,GRP_TE,group,test,122,-0.00665008,0,-0.00566706,-0.0173035,0.00400339,-0.00803091,-0.001388,-0.00694657,-0.0186867,0.00262486,-0.041369,0
carries,RB,position,GRP_WR,group,test,123,0.0120216,0,0.00818331,-0.006321,0.0303642,0.008962,-0.00308132,0.00534765,-0.00936584,0.0272898,-0.142857,0.226926
carries,RB,position,NEW,total,test,123,0.35088,0.0491803,0.331775,0.265415,0.436344,0.267348,0.00504926,0.254357,0.182285,0.352411,0,1.71429
carries,RB,position,NEW_QB,new,test,11,0.18671,0.153846,0.176471,0.106432,0.266989,0.0266641,0.00837438,0.0287627,-0.0494303,0.102759,0,0.452727
carries,RB,position,NEW_RB,new,test,76,0.537386,0.36039,0.496644,0.421169,0.653602,0.364522,0.204862,0.335903,0.250536,0.478508,0,1.73103
carries,RB,position,NEW_TE,new,test,31,0.00166852,0,0.0027933,-0.00107603,0.00441307,-0.000902615,-0.00244344,0.000395359,-0.0037161,0.00191087,0,0
carries,RB,position,NEW_WR,new,test,52,0.00406428,0,0.00478469,-0.00126679,0.00939535,-0.00240957,-0.00624567,-0.00117085,-0.00780608,0.00298695,0,0
carries,RB,position,NOWHERE,leak,test,123,0.0977809,0.142857,0.155717,-0.0247395,0.220301,0.204275,0.212343,0.254416,0.0830333,0.325517,-1.31556,1.42009
carries,RB,position,OTHER_MISSING,leak,test,123,0.149098,0.0540541,0.137246,0.119034,0.179162,-0.0349974,-0.106295,-0.0333757,-0.0640396,-0.00595519,0,0.486323
carries,RB,position,QB1,player,test,108,0.00913696,0,0.00243243,-0.0235614,0.0418353,0.00786524,-0.00144467,0.00125171,-0.0248277,0.0405582,-0.294987,0.410833
carries,RB,position,QB2+,player,test,26,0.21128,0.0972222,0.193002,0.106725,0.315835,0.0645877,-0.0359881,0.0542124,-0.0375901,0.166765,-0.11826,0.741657
carries,RB,position,RB1,player,test,23,0.452844,0.458333,0.442017,0.185204,0.720485,0.526208,0.530232,0.513394,0.258205,0.794211,-0.535741,1.728
carries,RB,position,RB2,player,test,92,0.522211,0.524246,0.514118,0.432821,0.611602,0.470963,0.472978,0.466082,0.381746,0.560179,-0.221925,1.29107
carries,RB,position,RB3+,player,test,136,0.333578,0.209218,0.307306,0.266332,0.400825,0.235979,0.124359,0.216675,0.169645,0.302313,-0.149573,1.10886
carries,RB,position,ROTATION,total,test,123,0.902219,0.857143,0.844283,0.779699,1.02474,0.795725,0.787657,0.745584,0.674483,0.916967,-0.420089,2.31556
carries,RB,position,TE1,player,test,115,-0.000427974,0,-0.000505051,-0.00355592,0.00269997,-0.000681138,-0.00025286,-0.000740031,-0.00380875,0.00244647,-0.0304243,0
carries,RB,position,TE2+,player,test,143,-0.00532932,0,-0.00431881,-0.0140682,0.00340952,-0.00637249,-0.00104045,-0.00528266,-0.0151135,0.00236854,0,0
carries,RB,position,TEAM_VOLUME,leak,test,123,0.104,0.047619,0.0388123,-0.0195103,0.227511,0.0980705,0.0385188,0.0333163,-0.0253581,0.221499,-1.03646,1.49615
carries,RB,position,WR1,player,test,122,0.00230319,0,0.00164978,-0.00467089,0.00927727,0.0030943,0.00072812,0.00238253,-0.00388175,0.0100703,-0.0486142,0.101848
carries,RB,position,WR2,player,test,114,0.00350365,0,0.00125881,-0.00726427,0.0142716,0.00338573,-0.000122388,0.00114992,-0.00738131,0.0141528,-0.0612689,0.0641612
carries,RB,position,WR3,player,test,106,-0.00146154,0,-0.00296496,-0.0126397,0.00971663,-0.00171863,-0.000258978,-0.00320174,-0.0128962,0.00945893,-0.0952381,0.085119
carries,RB,position,WR4+,player,test,161,0.00592033,0,0.00608447,-0.000809365,0.01265,0.0030174,-0.00292846,0.0033845,-0.00371682,0.00975161,-0.04,0.0882353
carries,TE,position,GRP_RB,group,all,1,-0.181818,-0.181818,-0.181818,,,-0.255527,-0.255527,-0.255527,,,-0.181818,-0.181818
carries,TE,position,GRP_TE,group,all,1,0,0,0,,,-0.00134594,-0.00134594,-0.00134594,,,0,0
carries,TE,position,GRP_WR,group,all,1,-0.121212,-0.121212,-0.121212,,,-0.1242,-0.1242,-0.1242,,,-0.121212,-0.121212
carries,TE,position,NEW,total,all,1,0.363636,0.363636,0.363636,,,0.282061,0.282061,0.282061,,,0.363636,0.363636
carries,TE,position,NEW_QB,new,all,1,0.272727,0.272727,0.272727,,,0.099791,0.099791,0.099791,,,0.272727,0.272727
carries,TE,position,NEW_RB,new,all,1,0.0909091,0.0909091,0.0909091,,,-0.0809839,-0.0809839,-0.0809839,,,0.0909091,0.0909091
carries,TE,position,NEW_TE,new,all,1,0,0,0,,,-0.00251748,-0.00251748,-0.00251748,,,0,0
carries,TE,position,NEW_WR,new,all,1,0,0,0,,,-0.00652819,-0.00652819,-0.00652819,,,0,0
carries,TE,position,NOWHERE,leak,all,1,1.30303,1.30303,1.30303,,,1.40703,1.40703,1.40703,,,1.30303,1.30303
carries,TE,position,OTHER_MISSING,leak,all,1,0.030303,0.030303,0.030303,,,-0.149482,-0.149482,-0.149482,,,0.030303,0.030303
carries,TE,position,RB1,player,all,1,0.030303,0.030303,0.030303,,,0.0862578,0.0862578,0.0862578,,,0.030303,0.030303
carries,TE,position,RB2,player,all,1,-0.212121,-0.212121,-0.212121,,,-0.265916,-0.265916,-0.265916,,,-0.212121,-0.212121
carries,TE,position,RB3+,player,all,1,2.01859e-17,2.01859e-17,2.01859e-17,,,-0.0925907,-0.0925907,-0.0925907,,,2.01859e-17,2.01859e-17
carries,TE,position,ROTATION,total,all,1,-0.30303,-0.30303,-0.30303,,,-0.407031,-0.407031,-0.407031,,,-0.30303,-0.30303
carries,TE,position,TE1,player,all,1,0,0,0,,,-0.000245198,-0.000245198,-0.000245198,,,0,0
carries,TE,position,TEAM_VOLUME,leak,all,1,-0.969697,-0.969697,-0.969697,,,-0.975488,-0.975488,-0.975488,,,-0.969697,-0.969697
carries,TE,position,WR1,player,all,1,0,0,0,,,0.000772248,0.000772248,0.000772248,,,0,0
carries,TE,position,WR3,player,all,1,-0.121212,-0.121212,-0.121212,,,-0.121463,-0.121463,-0.121463,,,-0.121212,-0.121212
carries,TE,position,WR4+,player,all,3,0,0,0,0,0,-0.00283972,-0.00283972,-0.00283972,-0.00283972,-0.00283972,0,0
carries,TE,position,GRP_RB,group,fit,1,-0.181818,-0.181818,-0.181818,,,-0.255527,-0.255527,-0.255527,,,-0.181818,-0.181818
carries,TE,position,GRP_TE,group,fit,1,0,0,0,,,-0.00134594,-0.00134594,-0.00134594,,,0,0
carries,TE,position,GRP_WR,group,fit,1,-0.121212,-0.121212,-0.121212,,,-0.1242,-0.1242,-0.1242,,,-0.121212,-0.121212
carries,TE,position,NEW,total,fit,1,0.363636,0.363636,0.363636,,,0.282061,0.282061,0.282061,,,0.363636,0.363636
carries,TE,position,NEW_QB,new,fit,1,0.272727,0.272727,0.272727,,,0.099791,0.099791,0.099791,,,0.272727,0.272727
carries,TE,position,NEW_RB,new,fit,1,0.0909091,0.0909091,0.0909091,,,-0.0809839,-0.0809839,-0.0809839,,,0.0909091,0.0909091
carries,TE,position,NEW_TE,new,fit,1,0,0,0,,,-0.00251748,-0.00251748,-0.00251748,,,0,0
carries,TE,position,NEW_WR,new,fit,1,0,0,0,,,-0.00652819,-0.00652819,-0.00652819,,,0,0
carries,TE,position,NOWHERE,leak,fit,1,1.30303,1.30303,1.30303,,,1.40703,1.40703,1.40703,,,1.30303,1.30303
carries,TE,position,OTHER_MISSING,leak,fit,1,0.030303,0.030303,0.030303,,,-0.149482,-0.149482,-0.149482,,,0.030303,0.030303
carries,TE,position,RB1,player,fit,1,0.030303,0.030303,0.030303,,,0.0862578,0.0862578,0.0862578,,,0.030303,0.030303
carries,TE,position,RB2,player,fit,1,-0.212121,-0.212121,-0.212121,,,-0.265916,-0.265916,-0.265916,,,-0.212121,-0.212121
carries,TE,position,RB3+,player,fit,1,2.01859e-17,2.01859e-17,2.01859e-17,,,-0.0925907,-0.0925907,-0.0925907,,,2.01859e-17,2.01859e-17
carries,TE,position,ROTATION,total,fit,1,-0.30303,-0.30303,-0.30303,,,-0.407031,-0.407031,-0.407031,,,-0.30303,-0.30303
carries,TE,position,TE1,player,fit,1,0,0,0,,,-0.000245198,-0.000245198,-0.000245198,,,0,0
carries,TE,position,TEAM_VOLUME,leak,fit,1,-0.969697,-0.969697,-0.969697,,,-0.975488,-0.975488,-0.975488,,,-0.969697,-0.969697
carries,TE,position,WR1,player,fit,1,0,0,0,,,0.000772248,0.000772248,0.000772248,,,0,0
carries,TE,position,WR3,player,fit,1,-0.121212,-0.121212,-0.121212,,,-0.121463,-0.121463,-0.121463,,,-0.121212,-0.121212
carries,TE,position,WR4+,player,fit,3,0,0,0,0,0,-0.00283972,-0.00283972,-0.00283972,-0.00283972,-0.00283972,0,0
carries,WR,position,GRP_QB,group,all,1,0.185185,0.185185,0.185185,,,0.15242,0.15242,0.15242,,,0.185185,0.185185
carries,WR,position,GRP_RB,group,all,1,1.55556,1.55556,1.55556,,,1.46547,1.46547,1.46547,,,1.55556,1.55556
carries,WR,position,GRP_TE,group,all,1,0,0,0,,,-0.00164503,-0.00164503,-0.00164503,,,0,0
carries,WR,position,GRP_WR,group,all,1,-0.037037,-0.037037,-0.037037,,,-0.040689,-0.040689,-0.040689,,,-0.037037,-0.037037
carries,WR,position,NEW,total,all,1,0,0,0,,,-0.0997035,-0.0997035,-0.0997035,,,0,0
carries,WR,position,NEW_WR,new,all,1,0,0,0,,,-0.0079789,-0.0079789,-0.0079789,,,0,0
carries,WR,position,NOWHERE,leak,all,1,-0.703704,-0.703704,-0.703704,,,-0.576592,-0.576592,-0.576592,,,-0.703704,-0.703704
carries,WR,position,OTHER_MISSING,leak,all,1,0,0,0,,,-0.219737,-0.219737,-0.219737,,,0,0
carries,WR,position,QB1,player,all,1,0.185185,0.185185,0.185185,,,0.183687,0.183687,0.183687,,,0.185185,0.185185
carries,WR,position,RB1,player,all,1,1.62963,1.62963,1.62963,,,1.69802,1.69802,1.69802,,,1.62963,1.62963
carries,WR,position,RB2,player,all,1,-0.148148,-0.148148,-0.148148,,,-0.213898,-0.213898,-0.213898,,,-0.148148,-0.148148
carries,WR,position,RB3+,player,all,1,0.0740741,0.0740741,0.0740741,,,-0.0390923,-0.0390923,-0.0390923,,,0.0740741,0.0740741
carries,WR,position,ROTATION,total,all,1,1.7037,1.7037,1.7037,,,1.57659,1.57659,1.57659,,,1.7037,1.7037
carries,WR,position,TE1,player,all,1,0,0,0,,,-0.000299686,-0.000299686,-0.000299686,,,0,0
carries,WR,position,TE2+,player,all,2,0,0,0,0,0,-0.00127166,-0.00127166,-0.00127166,-0.00127166,-0.00127166,0,0
carries,WR,position,TEAM_VOLUME,leak,all,1,0.703704,0.703704,0.703704,,,0.696626,0.696626,0.696626,,,0.703704,0.703704
carries,WR,position,WR1,player,all,1,0,0,0,,,0.000943859,0.000943859,0.000943859,,,0,0
carries,WR,position,WR3,player,all,1,0,0,0,,,-0.000306937,-0.000306937,-0.000306937,,,0,0
carries,WR,position,WR4+,player,all,2,-0.0185185,-0.0185185,-0.0185185,-0.0489796,0.0119426,-0.0219893,-0.0219893,-0.0219893,-0.0524504,0.00847183,-0.0351852,-0.00185185
carries,WR,position,GRP_QB,group,fit,1,0.185185,0.185185,0.185185,,,0.15242,0.15242,0.15242,,,0.185185,0.185185
carries,WR,position,GRP_RB,group,fit,1,1.55556,1.55556,1.55556,,,1.46547,1.46547,1.46547,,,1.55556,1.55556
carries,WR,position,GRP_TE,group,fit,1,0,0,0,,,-0.00164503,-0.00164503,-0.00164503,,,0,0
carries,WR,position,GRP_WR,group,fit,1,-0.037037,-0.037037,-0.037037,,,-0.040689,-0.040689,-0.040689,,,-0.037037,-0.037037
carries,WR,position,NEW,total,fit,1,0,0,0,,,-0.0997035,-0.0997035,-0.0997035,,,0,0
carries,WR,position,NEW_WR,new,fit,1,0,0,0,,,-0.0079789,-0.0079789,-0.0079789,,,0,0
carries,WR,position,NOWHERE,leak,fit,1,-0.703704,-0.703704,-0.703704,,,-0.576592,-0.576592,-0.576592,,,-0.703704,-0.703704
carries,WR,position,OTHER_MISSING,leak,fit,1,0,0,0,,,-0.219737,-0.219737,-0.219737,,,0,0
carries,WR,position,QB1,player,fit,1,0.185185,0.185185,0.185185,,,0.183687,0.183687,0.183687,,,0.185185,0.185185
carries,WR,position,RB1,player,fit,1,1.62963,1.62963,1.62963,,,1.69802,1.69802,1.69802,,,1.62963,1.62963
carries,WR,position,RB2,player,fit,1,-0.148148,-0.148148,-0.148148,,,-0.213898,-0.213898,-0.213898,,,-0.148148,-0.148148
carries,WR,position,RB3+,player,fit,1,0.0740741,0.0740741,0.0740741,,,-0.0390923,-0.0390923,-0.0390923,,,0.0740741,0.0740741
carries,WR,position,ROTATION,total,fit,1,1.7037,1.7037,1.7037,,,1.57659,1.57659,1.57659,,,1.7037,1.7037
carries,WR,position,TE1,player,fit,1,0,0,0,,,-0.000299686,-0.000299686,-0.000299686,,,0,0
carries,WR,position,TE2+,player,fit,2,0,0,0,0,0,-0.00127166,-0.00127166,-0.00127166,-0.00127166,-0.00127166,0,0
carries,WR,position,TEAM_VOLUME,leak,fit,1,0.703704,0.703704,0.703704,,,0.696626,0.696626,0.696626,,,0.703704,0.703704
carries,WR,position,WR1,player,fit,1,0,0,0,,,0.000943859,0.000943859,0.000943859,,,0,0
carries,WR,position,WR3,player,fit,1,0,0,0,,,-0.000306937,-0.000306937,-0.000306937,,,0,0
carries,WR,position,WR4+,player,fit,2,-0.0185185,-0.0185185,-0.0185185,-0.0489796,0.0119426,-0.0219893,-0.0219893,-0.0219893,-0.0524504,0.00847183,-0.0351852,-0.00185185
targets,RB1,label,GRP_QB,group,all,37,0,0,0,0,0,-0.000458709,-0.000436872,-0.000434264,-0.000489049,-0.00042837,0,0
targets,RB1,label,GRP_RB,group,all,38,0.504032,0.519231,0.480292,0.387954,0.620111,0.462388,0.470992,0.440837,0.347081,0.577696,-0.19,1.31299
targets,RB1,label,GRP_TE,group,all,38,0.294856,0.150376,0.25,0.152833,0.436879,0.182634,0.0543979,0.143624,0.0431887,0.322079,-0.396154,1.14269
targets,RB1,label,GRP_WR,group,all,39,0.609388,0.555556,0.550992,0.383217,0.835559,0.464013,0.426119,0.413177,0.240212,0.687813,-0.556522,2
targets,RB1,label,NEW,total,all,39,0.224245,0.142857,0.212465,0.144606,0.303883,0.0321041,-0.0228717,0.0303174,-0.0459832,0.110191,0,0.925506
targets,RB1,label,NEW_QB,new,all,4,0,0,0,0,0,-0.00261084,-0.00246305,-0.00252313,-0.00309476,-0.00212692,0,0
targets,RB1,label,NEW_RB,new,all,24,0.190148,0.130682,0.175705,0.103744,0.276552,0.082997,0.0456973,0.0741371,-0.0017582,0.167752,0,0.774899
targets,RB1,label,NEW_TE,new,all,13,0.112502,0.136364,0.106195,0.058218,0.166786,-0.112971,-0.0716923,-0.107611,-0.164529,-0.0614123,0,0.3
targets,RB1,label,NEW_WR,new,all,17,0.159968,0,0.15625,0.0603923,0.259544,-0.0988322,-0.162801,-0.0839948,-0.20089,0.00322578,0,0.5875
targets,RB1,label,NOWHERE,leak,all,39,-0.387792,-0.409091,-0.259207,-0.695523,-0.0800608,-0.0900962,-0.120468,0.0230056,-0.388919,0.208726,-2.43765,1.30429
targets,RB1,label,OTHER_MISSING,leak,all,39,0.458706,0.352941,0.458924,0.354931,0.562481,-0.0450803,-0.146972,-0.0186602,-0.153936,0.0637756,0,1.2406
targets,RB1,label,QB1,player,all,34,0,0,0,0,0,-0.000167736,-0.000160519,-0.000159996,-0.000178784,-0.000156689,0,0
targets,RB1,label,QB2+,player,all,11,0,0,0,0,0,-0.00192848,-0.00194932,-0.001777,-0.00220114,-0.00165581,0,0
targets,RB1,label,RB2,player,all,33,0.261292,0.230769,0.258389,0.155124,0.36746,0.235135,0.196237,0.233533,0.128936,0.341333,-0.198974,0.756863
targets,RB1,label,RB3+,player,all,47,0.224055,0.153846,0.216853,0.147285,0.300825,0.155955,0.0864949,0.152956,0.0796889,0.23222,-0.0924342,0.984211
targets,RB1,label,ROTATION,total,all,39,1.38779,1.40909,1.25921,1.08006,1.69552,1.0901,1.12047,0.976994,0.791274,1.38892,-0.304286,3.43765
targets,RB1,label,TE1,player,all,34,0.200795,0.0930736,0.17175,0.074785,0.326806,0.205461,0.0968651,0.176196,0.0793573,0.331564,-0.351282,0.928125
targets,RB1,label,TE2+,player,all,43,0.101802,0.0555556,0.0810127,0.0387704,0.164834,-0.00538653,-0.0605627,-0.019568,-0.0662482,0.0554752,-0.159,0.497059
targets,RB1,label,TEAM_VOLUME,leak,all,39,0.153331,-0.0833333,0.0127479,-0.180462,0.487124,0.167281,-0.0733587,0.025972,-0.166963,0.501524,-1.86024,2.48375
targets,RB1,label,WR1,player,all,38,0.0787315,-0.0263158,0.0366569,-0.0987566,0.25622,0.204572,0.0896325,0.156088,0.0240512,0.385092,-0.716667,1.20462
targets,RB1,label,WR2,player,all,35,0.0256654,0.0833333,0.0503247,-0.117824,0.169155,0.00755484,0.0696748,0.0330944,-0.136253,0.151363,-0.716,0.965
targets,RB1,label,WR3,player,all,32,0.35623,0.275,0.297064,0.207708,0.504752,0.264041,0.142822,0.210176,0.118354,0.409727,-0.346777,1.26985
targets,RB1,label,WR4+,player,all,49,0.172994,0.111111,0.17019,0.096879,0.249108,0.0368153,-0.0244285,0.0400244,-0.0399052,0.113536,-0.16904,0.869412
targets,RB1,label,GRP_QB,group,fit,28,0,0,0,0,0,-0.00044351,-0.000425375,-0.000425065,-0.00047317,-0.00041385,0,0
targets,RB1,label,GRP_RB,group,fit,29,0.496317,0.538462,0.487805,0.373913,0.618722,0.455952,0.483751,0.449107,0.333698,0.578207,-0.0868347,1.22961
targets,RB1,label,GRP_TE,group,fit,29,0.248411,0.105263,0.221805,0.0861245,0.410697,0.139598,0.00448618,0.117428,-0.021013,0.300209,-0.430769,1.23077
targets,RB1,label,GRP_WR,group,fit,30,0.636427,0.708333,0.559567,0.373944,0.898911,0.495599,0.578396,0.42447,0.236813,0.754384,-0.56087,1.90526
targets,RB1,label,NEW,total,fit,30,0.232074,0.142857,0.222022,0.13348,0.330668,0.0459419,-0.0220548,0.0434658,-0.0509274,0.142811,0,0.936437
targets,RB1,label,NEW_QB,new,fit,4,0,0,0,0,0,-0.00261084,-0.00246305,-0.00252313,-0.00309476,-0.00212692,0,0
targets,RB1,label,NEW_RB,new,fit,18,0.201679,0.118056,0.188571,0.0895236,0.313834,0.0966226,0.0412821,0.0882369,-0.0138095,0.207055,0,0.803406
targets,RB1,label,NEW_TE,new,fit,10,0.0862528,0.0681818,0.0828729,0.0371987,0.135307,-0.126328,-0.10501,-0.122482,-0.175374,-0.0772828,0,0.211298
targets,RB1,label,NEW_WR,new,fit,11,0.224496,0.142857,0.207921,0.0829167,0.366076,-0.0142179,-0.0713353,-0.0137145,-0.151905,0.12347,0,0.71875
targets,RB1,label,NOWHERE,leak,fit,30,-0.356331,-0.435315,-0.241877,-0.706786,-0.00587642,-0.0679455,-0.132974,0.0347708,-0.41008,0.274189,-2.25037,1.60214
targets,RB1,label,OTHER_MISSING,leak,fit,30,0.487649,0.350877,0.48917,0.356185,0.619114,-0.000381832,-0.098152,0.0210024,-0.136565,0.135802,0,1.25188
targets,RB1,label,QB1,player,fit,26,0,0,0,0,0,-0.000158824,-0.00015207,-0.000153,-0.000169187,-0.00014846,0,0
targets,RB1,label,QB2+,player,fit,6,0,0,0,0,0,-0.00186251,-0.00174413,-0.00179019,-0.00214044,-0.00158457,0,0
targets,RB1,label,RB2,player,fit,26,0.296804,0.25463,0.29087,0.177427,0.416181,0.271013,0.230737,0.266089,0.151734,0.390293,-0.146635,0.791667
targets,RB1,label,RB3+,player,fit,34,0.196361,0.134848,0.20197,0.115765,0.276958,0.132309,0.0727842,0.14072,0.0511577,0.21346,-0.0774671,0.727231
targets,RB1,label,ROTATION,total,fit,30,1.35633,1.43531,1.24188,1.00588,1.70679,1.06795,1.13297,0.965229,0.725811,1.41008,-0.602143,3.25037
targets,RB1,label,TE1,player,fit,27,0.183597,0.0952381,0.161616,0.044995,0.3222,0.188242,0.0991178,0.16606,0.0495535,0.32693,-0.348178,0.933173
targets,RB1,label,TE2+,player,fit,30,0.0748928,0.0217391,0.0674956,0.013982,0.135804,-0.0278046,-0.0675493,-0.0309704,-0.0881082,0.0324991,-0.176762,0.466516
targets,RB1,label,TEAM_VOLUME,leak,fit,30,0.100756,-0.10049,-0.0252708,-0.279415,0.480927,0.114269,-0.088462,-0.0123074,-0.266335,0.494873,-1.90631,2.34651
targets,RB1,label,WR1,player,fit,29,0.020253,-0.105263,-0.0245283,-0.191482,0.231988,0.142343,0.0102483,0.0927562,-0.0726073,0.357294,-0.866667,1.1956
targets,RB1,label,WR2,player,fit,27,0.0647531,0.0869565,0.0791075,-0.100071,0.229578,0.0473936,0.0737717,0.0624994,-0.117697,0.212484,-0.718286,0.9
targets,RB1,label,WR3,player,fit,24,0.428398,0.425,0.369369,0.256223,0.600573,0.339561,0.333292,0.284389,0.171,0.508122,-0.349275,1.2875
targets,RB1,label,WR4+,player,fit,40,0.16189,0.103175,0.153846,0.0809145,0.242865,0.0291772,-0.0244285,0.0249745,-0.0513209,0.109675,-0.158824,0.88268
targets,RB1,label,GRP_QB,group,test,9,0,0,0,0,0,-0.000505997,-0.00046257,-0.000465614,-0.000588416,-0.000423578,0,0
targets,RB1,label,GRP_RB,group,test,9,0.528891,0.482759,0.453947,0.222505,0.835277,0.483126,0.458233,0.411835,0.18165,0.784602,-0.246667,1.28
targets,RB1,label,GRP_TE,group,test,9,0.444513,0.470588,0.348684,0.149655,0.739371,0.321305,0.357955,0.23531,0.0379771,0.604634,-0.307586,1.02667
targets,RB1,label,GRP_WR,group,test,9,0.519256,0.0689655,0.519737,0.053618,0.984895,0.358727,-0.0170617,0.372019,-0.106952,0.824406,-0.235714,1.8
targets,RB1,label,NEW,total,test,9,0.198148,0.2,0.177632,0.0850722,0.311224,-0.0140219,-0.0297332,-0.0176052,-0.119795,0.0917515,0,0.48
targets,RB1,label,NEW_RB,new,test,6,0.155556,0.175,0.135135,0.0649984,0.246113,0.0421203,0.0611946,0.0296784,-0.038986,0.123226,0,0.3125
targets,RB1,label,NEW_TE,new,test,3,0.2,0.3,0.2,0.03551,0.36449,-0.0684444,-0.0716923,-0.0477949,-0.240334,0.103445,0.03,0.3
targets,RB1,label,NEW_WR,new,test,6,0.0416667,0,0.0348837,-0.0268708,0.110204,-0.253958,-0.255374,-0.249072,-0.323239,-0.184678,0,0.1875
targets,RB1,label,NOWHERE,leak,test,9,-0.492661,-0.333333,-0.322368,-1.17113,0.185805,-0.163932,0.0923973,-0.0198756,-0.812902,0.485038,-2.44,0.782266
targets,RB1,label,OTHER_MISSING,leak,test,9,0.362227,0.352941,0.348684,0.26874,0.455715,-0.194075,-0.176366,-0.16322,-0.29431,-0.09384,0.127451,0.588571
targets,RB1,label,QB1,player,test,8,0,0,0,0,0,-0.000196703,-0.000181292,-0.000187924,-0.000224531,-0.000168875,0,0
targets,RB1,label,QB2+,player,test,5,0,0,0,0,0,-0.00200764,-0.00194932,-0.00176143,-0.00254174,-0.00147354,0,0
targets,RB1,label,RB2,player,test,7,0.12939,0.0588235,0.136,-0.100595,0.359375,0.10187,0.0324165,0.110861,-0.128811,0.332551,-0.341111,0.622689
targets,RB1,label,RB3+,player,test,13,0.296484,0.25,0.262626,0.113935,0.479033,0.217797,0.158574,0.190594,0.0387638,0.396831,-0.115294,1.08
targets,RB1,label,ROTATION,total,test,9,1.49266,1.33333,1.32237,0.814195,2.17113,1.16393,0.907603,1.01988,0.514962,1.8129,0.217734,3.44
targets,RB1,label,TE1,player,test,7,0.26713,0.0588235,0.210937,-0.0500373,0.584298,0.271875,0.0636161,0.215393,-0.0456399,0.589391,-0.274713,0.867647
targets,RB1,label,TE2+,player,test,13,0.1639,0.0833333,0.114537,0.00879503,0.319005,0.0463474,-0.0605627,0.00871184,-0.101087,0.193782,-0.142759,0.74
targets,RB1,label,TEAM_VOLUME,leak,test,9,0.328581,0.411765,0.151316,-0.401793,1.05896,0.343985,0.425846,0.16549,-0.387749,1.07572,-1.24039,2.26
targets,RB1,label,WR1,player,test,9,0.267162,0.137931,0.25,-0.0391517,0.573476,0.405086,0.261956,0.376916,0.0928823,0.71729,-0.417143,1.12
targets,RB1,label,WR2,player,test,8,-0.106256,-0.227124,-0.0650407,-0.403313,0.190801,-0.126901,-0.244467,-0.0847644,-0.424802,0.171,-0.622024,0.664167
targets,RB1,label,WR3,player,test,8,0.139726,0.0509804,0.0592593,-0.133021,0.412472,0.0374803,-0.0595764,-0.033904,-0.226063,0.301024,-0.271724,0.847857
targets,RB1,label,WR4+,player,test,9,0.222343,0.117647,0.246988,0.00746063,0.437226,0.0707625,0.0167932,0.110741,-0.155956,0.297481,-0.254286,0.821111
targets,RB2,label,GRP_QB,group,all,10,0,0,0,0,0,-0.000505152,-0.000491481,-0.000479494,-0.000573139,-0.000437165,0,0
targets,RB2,label,GRP_RB,group,all,10,0.195223,0.282895,0.195122,-0.0389313,0.429378,0.149535,0.241952,0.151754,-0.0839902,0.383059,-0.409167,0.8325
targets,RB2,label,GRP_TE,group,all,10,0.308941,-0.0263158,0.378049,-0.0575024,0.675385,0.18594,-0.127093,0.261295,-0.187026,0.558906,-0.35625,1.43
targets,RB2,label,GRP_WR,group,all,10,0.415161,0.363636,0.329268,-0.371054,1.20138,0.2549,0.182197,0.177147,-0.526156,1.03596,-1.26263,2.77667
targets,RB2,label,NEW,total,all,10,0.3511,0.15,0.384146,0.104408,0.597793,0.139285,-0.0972999,0.18309,-0.115107,0.393678,0,1.17632
targets,RB2,label,NEW_QB,new,all,1,0,0,0,,,-0.00517241,-0.00517241,-0.00517241,,,0,0
targets,RB2,label,NEW_RB,new,all,4,0.461842,0.45,0.483871,0.141785,0.781899,0.332528,0.303679,0.358003,0.00602961,0.659025,0.06,0.880263
targets,RB2,label,NEW_TE,new,all,2,0.286364,0.286364,0.28125,0.263933,0.308794,0.016042,0.016042,0.0489423,-0.128272,0.160356,0.274091,0.298636
targets,RB2,label,NEW_WR,new,all,2,0.545455,0.545455,0.585366,-0.351764,1.44267,0.345848,0.345848,0.386828,-0.575395,1.26709,0.0545455,1.03636
targets,RB2,label,NOWHERE,leak,all,10,0.0806738,0.177632,0.097561,-0.65778,0.819127,0.408853,0.471722,0.409071,-0.325654,1.14336,-1.84129,2.2307
targets,RB2,label,OTHER_MISSING,leak,all,10,0.365897,0.214912,0.359756,0.124843,0.606951,-0.189476,-0.297131,-0.167408,-0.446148,0.0671965,0,1.21146
targets,RB2,label,QB1,player,all,10,0,0,0,0,0,-0.000185607,-0.000180584,-0.000176179,-0.000210587,-0.000160626,0,0
targets,RB2,label,RB1,player,all,10,-0.0629506,-0.112121,-0.0731707,-0.215435,0.0895343,-0.0203386,-0.0749339,-0.0327231,-0.174476,0.133799,-0.411579,0.362105
targets,RB2,label,RB3+,player,all,8,0.322717,0.332536,0.328358,0.106698,0.538737,0.252696,0.271536,0.262859,0.0355925,0.4698,-0.125833,0.825
targets,RB2,label,ROTATION,total,all,10,0.919326,0.822368,0.902439,0.180873,1.65778,0.591147,0.528278,0.590929,-0.14336,1.32565,-1.2307,2.84129
targets,RB2,label,TE1,player,all,10,0.102466,-0.153947,0.140244,-0.187904,0.392836,0.1077,-0.149767,0.145212,-0.182513,0.397913,-0.35625,1.075
targets,RB2,label,TE2+,player,all,8,0.258094,0.115132,0.278571,-0.0484227,0.564611,0.149173,0.00875703,0.172978,-0.160461,0.458807,-0.0342105,1.06583
targets,RB2,label,TEAM_VOLUME,leak,all,10,-0.0954705,-0.234211,-0.0731707,-0.935967,0.745026,-0.0800924,-0.221926,-0.0585738,-0.920712,0.760527,-2.09396,2.5125
targets,RB2,label,WR1,player,all,10,-0.222406,-0.0710227,-0.237805,-0.668549,0.223737,-0.0847127,0.0446763,-0.107105,-0.534284,0.364859,-1.48375,0.795395
targets,RB2,label,WR2,player,all,9,0.213736,0.0526316,0.182432,-0.11971,0.547182,0.194197,0.0366709,0.163991,-0.138734,0.527128,-0.372632,1.19333
targets,RB2,label,WR3,player,all,8,0.135005,-0.157895,0.0708661,-0.240932,0.510943,0.0308001,-0.240638,-0.0281657,-0.337635,0.399235,-0.477917,1.09271
targets,RB2,label,WR4+,player,all,21,0.160572,0.1,0.169139,0.00721256,0.313931,-0.00351159,-0.0796315,0.0125432,-0.160009,0.152985,-0.3125,0.7
targets,RB2,label,GRP_QB,group,fit,9,0,0,0,0,0,-0.00050303,-0.000491481,-0.000474988,-0.000578941,-0.000427118,0,0
targets,RB2,label,GRP_RB,group,fit,9,0.261359,0.315789,0.255034,0.0295355,0.493183,0.215862,0.278356,0.212073,-0.0149797,0.446705,-0.334211,0.84
targets,RB2,label,GRP_TE,group,fit,9,0.380305,-1.75298e-17,0.449664,-0.00780148,0.768412,0.257821,-0.100777,0.334008,-0.137659,0.6533,-0.305,1.43273
targets,RB2,label,GRP_WR,group,fit,9,0.142772,2.33147e-16,0.0738255,-0.579536,0.86508,-0.0168163,-0.249479,-0.0768665,-0.732959,0.699326,-1.27439,2.04211
targets,RB2,label,NEW,total,fit,9,0.345667,0,0.38255,0.0700381,0.621296,0.134741,-0.164867,0.183383,-0.149555,0.419038,0,1.19713
targets,RB2,label,NEW_QB,new,fit,1,0,0,0,,,-0.00517241,-0.00517241,-0.00517241,,,0,0
targets,RB2,label,NEW_RB,new,fit,3,0.482456,0.5,0.510638,0.0323747,0.932538,0.353391,0.337421,0.38611,-0.105789,0.812571,0.05,0.902632
targets,RB2,label,NEW_TE,new,fit,2,0.286364,0.286364,0.28125,0.263933,0.308794,0.016042,0.016042,0.0489423,-0.128272,0.160356,0.274091,0.298636
targets,RB2,label,NEW_WR,new,fit,2,0.545455,0.545455,0.585366,-0.351764,1.44267,0.345848,0.345848,0.386828,-0.575395,1.26709,0.0545455,1.03636
targets,RB2,label,NOWHERE,leak,fit,9,0.215564,0.25,0.221477,-0.571903,1.00303,0.542364,0.569298,0.53006,-0.241273,1.326,-1.86818,2.24211
targets,RB2,label,OTHER_MISSING,leak,fit,9,0.258404,0.166667,0.261745,0.0752259,0.441583,-0.294636,-0.402394,-0.260466,-0.506647,-0.0826245,0,0.7975
targets,RB2,label,QB1,player,fit,9,0,0,0,0,0,-0.000184827,-0.000180584,-0.000174524,-0.000212719,-0.000156935,0,0
targets,RB2,label,RB1,player,fit,9,-0.0255006,-0.0909091,-0.0402685,-0.181453,0.130452,0.0169324,-0.0607572,-0.000200879,-0.14118,0.175045,-0.352632,0.366316
targets,RB2,label,RB3+,player,fit,8,0.322717,0.332536,0.328358,0.106698,0.538737,0.252696,0.271536,0.262859,0.0355925,0.4698,-0.125833,0.825
targets,RB2,label,ROTATION,total,fit,9,0.784436,0.75,0.778523,-0.00303003,1.5719,0.457636,0.430702,0.46994,-0.326002,1.24127,-1.24211,2.86818
targets,RB2,label,TE1,player,fit,9,0.150888,-0.15,0.187919,-0.161303,0.46308,0.1561,-0.145926,0.192841,-0.155921,0.468121,-0.305,1.11212
targets,RB2,label,TE2+,player,fit,8,0.258094,0.115132,0.278571,-0.0484227,0.564611,0.149173,0.00875703,0.172978,-0.160461,0.458807,-0.0342105,1.06583
targets,RB2,label,TEAM_VOLUME,leak,fit,9,-0.128301,-0.368421,-0.100671,-1.06606,0.809461,-0.112987,-0.355822,-0.0862113,-1.05088,0.824905,-2.165,2.52121
targets,RB2,label,WR1,player,fit,9,-0.261933,-0.1875,-0.275168,-0.755411,0.231545,-0.124818,-0.0535327,-0.145696,-0.622013,0.372378,-1.555,0.829825
targets,RB2,label,WR2,player,fit,8,0.0821197,-0.0736842,0.0601504,-0.205443,0.369682,0.0626654,-0.0917729,0.0419097,-0.224264,0.349595,-0.378684,0.863258
targets,RB2,label,WR3,player,fit,8,0.135005,-0.157895,0.0708661,-0.240932,0.510943,0.0308001,-0.240638,-0.0281657,-0.337635,0.399235,-0.477917,1.09271
targets,RB2,label,WR4+,player,fit,18,0.105852,0.00358852,0.119863,-0.0628112,0.274516,-0.0576561,-0.155491,-0.0350478,-0.230432,0.11512,-0.355625,0.773125
targets,RB2,label,GRP_QB,group,test,1,0,0,0,,,-0.000524246,-0.000524246,-0.000524246,,,0,0
targets,RB2,label,GRP_RB,group,test,1,-0.4,-0.4,-0.4,,,-0.447416,-0.447416,-0.447416,,,-0.4,-0.4
targets,RB2,label,GRP_TE,group,test,1,-0.333333,-0.333333,-0.333333,,,-0.460984,-0.460984,-0.460984,,,-0.333333,-0.333333
targets,RB2,label,GRP_WR,group,test,1,2.86667,2.86667,2.86667,,,2.70035,2.70035,2.70035,,,2.86667,2.86667
targets,RB2,label,NEW,total,test,1,0.4,0.4,0.4,,,0.180178,0.180178,0.180178,,,0.4,0.4
targets,RB2,label,NEW_RB,new,test,1,0.4,0.4,0.4,,,0.269937,0.269937,0.269937,,,0.4,0.4
targets,RB2,label,NOWHERE,leak,test,1,-1.13333,-1.13333,-1.13333,,,-0.792749,-0.792749,-0.792749,,,-1.13333,-1.13333
targets,RB2,label,OTHER_MISSING,leak,test,1,1.33333,1.33333,1.33333,,,0.756967,0.756967,0.756967,,,1.33333,1.33333
targets,RB2,label,QB1,player,test,1,0,0,0,,,-0.000192623,-0.000192623,-0.000192623,,,0,0
targets,RB2,label,RB1,player,test,1,-0.4,-0.4,-0.4,,,-0.355777,-0.355777,-0.355777,,,-0.4,-0.4
targets,RB2,label,ROTATION,total,test,1,2.13333,2.13333,2.13333,,,1.79275,1.79275,1.79275,,,2.13333,2.13333
targets,RB2,label,TE1,player,test,1,-0.333333,-0.333333,-0.333333,,,-0.327902,-0.327902,-0.327902,,,-0.333333,-0.333333
targets,RB2,label,TEAM_VOLUME,leak,test,1,0.2,0.2,0.2,,,0.215959,0.215959,0.215959,,,0.2,0.2
targets,RB2,label,WR1,player,test,1,0.133333,0.133333,0.133333,,,0.276232,0.276232,0.276232,,,0.133333,0.133333
targets,RB2,label,WR2,player,test,1,1.26667,1.26667,1.26667,,,1.24645,1.24645,1.24645,,,1.26667,1.26667
targets,RB2,label,WR4+,player,test,3,0.488889,0.466667,0.488889,0.329557,0.648221,0.321356,0.299133,0.321356,0.162023,0.480688,0.346667,0.646667
targets,RB3+,label,GRP_QB,group,all,1,0,0,0,,,-0.000524246,-0.000524246,-0.000524246,,,0,0
targets,RB3+,label,GRP_RB,group,all,1,2.46667,2.46667,2.46667,,,2.41925,2.41925,2.41925,,,2.46667,2.46667
targets,RB3+,label,GRP_TE,group,all,1,-0.133333,-0.133333,-0.133333,,,-0.260984,-0.260984,-0.260984,,,-0.133333,-0.133333
targets,RB3+,label,GRP_WR,group,all,1,0.4,0.4,0.4,,,0.233681,0.233681,0.233681,,,0.4,0.4
targets,RB3+,label,NEW,total,all,1,0.6,0.6,0.6,,,0.380178,0.380178,0.380178,,,0.6,0.6
targets,RB3+,label,NEW_TE,new,all,1,0.2,0.2,0.2,,,-0.0477949,-0.0477949,-0.0477949,,,0.2,0.2
targets,RB3+,label,NEW_WR,new,all,1,0.4,0.4,0.4,,,0.128665,0.128665,0.128665,,,0.4,0.4
targets,RB3+,label,NOWHERE,leak,all,1,-1.73333,-1.73333,-1.73333,,,-1.39275,-1.39275,-1.39275,,,-1.73333,-1.73333
targets,RB3+,label,OTHER_MISSING,leak,all,1,0.266667,0.266667,0.266667,,,-0.309699,-0.309699,-0.309699,,,0.266667,0.266667
targets,RB3+,label,QB1,player,all,1,0,0,0,,,-0.000192623,-0.000192623,-0.000192623,,,0,0
targets,RB3+,label,RB1,player,all,1,0.6,0.6,0.6,,,0.644223,0.644223,0.644223,,,0.6,0.6
targets,RB3+,label,RB2,player,all,1,1.86667,1.86667,1.86667,,,1.83674,1.83674,1.83674,,,1.86667,1.86667
targets,RB3+,label,RB3+,player,all,1,0,0,0,,,-0.0731408,-0.0731408,-0.0731408,,,0,0
targets,RB3+,label,ROTATION,total,all,1,2.73333,2.73333,2.73333,,,2.39275,2.39275,2.39275,,,2.73333,2.73333
targets,RB3+,label,TE1,player,all,1,-0.266667,-0.266667,-0.266667,,,-0.261235,-0.261235,-0.261235,,,-0.266667,-0.266667
targets,RB3+,label,TE2+,player,all,1,0.133333,0.133333,0.133333,,,0.0101415,0.0101415,0.0101415,,,0.133333,0.133333
targets,RB3+,label,TEAM_VOLUME,leak,all,1,2.06667,2.06667,2.06667,,,2.08263,2.08263,2.08263,,,2.06667,2.06667
targets,RB3+,label,WR1,player,all,1,-0.0666667,-0.0666667,-0.0666667,,,0.0762317,0.0762317,0.0762317,,,-0.0666667,-0.0666667
targets,RB3+,label,WR2,player,all,1,0.2,0.2,0.2,,,0.179783,0.179783,0.179783,,,0.2,0.2
targets,RB3+,label,WR3,player,all,1,0.266667,0.266667,0.266667,,,0.161858,0.161858,0.161858,,,0.266667,0.266667
targets,RB3+,label,GRP_QB,group,fit,1,0,0,0,,,-0.000524246,-0.000524246,-0.000524246,,,0,0
targets,RB3+,label,GRP_RB,group,fit,1,2.46667,2.46667,2.46667,,,2.41925,2.41925,2.41925,,,2.46667,2.46667
targets,RB3+,label,GRP_TE,group,fit,1,-0.133333,-0.133333,-0.133333,,,-0.260984,-0.260984,-0.260984,,,-0.133333,-0.133333
targets,RB3+,label,GRP_WR,group,fit,1,0.4,0.4,0.4,,,0.233681,0.233681,0.233681,,,0.4,0.4
targets,RB3+,label,NEW,total,fit,1,0.6,0.6,0.6,,,0.380178,0.380178,0.380178,,,0.6,0.6
targets,RB3+,label,NEW_TE,new,fit,1,0.2,0.2,0.2,,,-0.0477949,-0.0477949,-0.0477949,,,0.2,0.2
targets,RB3+,label,NEW_WR,new,fit,1,0.4,0.4,0.4,,,0.128665,0.128665,0.128665,,,0.4,0.4
targets,RB3+,label,NOWHERE,leak,fit,1,-1.73333,-1.73333,-1.73333,,,-1.39275,-1.39275,-1.39275,,,-1.73333,-1.73333
targets,RB3+,label,OTHER_MISSING,leak,fit,1,0.266667,0.266667,0.266667,,,-0.309699,-0.309699,-0.309699,,,0.266667,0.266667
targets,RB3+,label,QB1,player,fit,1,0,0,0,,,-0.000192623,-0.000192623,-0.000192623,,,0,0
targets,RB3+,label,RB1,player,fit,1,0.6,0.6,0.6,,,0.644223,0.644223,0.644223,,,0.6,0.6
targets,RB3+,label,RB2,player,fit,1,1.86667,1.86667,1.86667,,,1.83674,1.83674,1.83674,,,1.86667,1.86667
targets,RB3+,label,RB3+,player,fit,1,0,0,0,,,-0.0731408,-0.0731408,-0.0731408,,,0,0
targets,RB3+,label,ROTATION,total,fit,1,2.73333,2.73333,2.73333,,,2.39275,2.39275,2.39275,,,2.73333,2.73333
targets,RB3+,label,TE1,player,fit,1,-0.266667,-0.266667,-0.266667,,,-0.261235,-0.261235,-0.261235,,,-0.266667,-0.266667
targets,RB3+,label,TE2+,player,fit,1,0.133333,0.133333,0.133333,,,0.0101415,0.0101415,0.0101415,,,0.133333,0.133333
targets,RB3+,label,TEAM_VOLUME,leak,fit,1,2.06667,2.06667,2.06667,,,2.08263,2.08263,2.08263,,,2.06667,2.06667
targets,RB3+,label,WR1,player,fit,1,-0.0666667,-0.0666667,-0.0666667,,,0.0762317,0.0762317,0.0762317,,,-0.0666667,-0.0666667
targets,RB3+,label,WR2,player,fit,1,0.2,0.2,0.2,,,0.179783,0.179783,0.179783,,,0.2,0.2
targets,RB3+,label,WR3,player,fit,1,0.266667,0.266667,0.266667,,,0.161858,0.161858,0.161858,,,0.266667,0.266667
targets,TE1,label,GRP_QB,group,all,109,9.25979e-05,0,0.000504032,-0.00218736,0.00237256,-0.000364206,-0.000436872,7.20046e-05,-0.00264611,0.0019177,0,0
targets,TE1,label,GRP_RB,group,all,111,0.179331,0.136364,0.16004,0.101479,0.257184,0.137845,0.0920546,0.120802,0.0602182,0.215471,-0.51087,1.05
targets,TE1,label,GRP_TE,group,all,100,0.401729,0.320513,0.391708,0.318134,0.485324,0.291037,0.204972,0.287247,0.20767,0.374404,-0.236029,1.35929
targets,TE1,label,GRP_WR,group,all,111,0.612372,0.466667,0.568588,0.46202,0.762724,0.466849,0.305845,0.430953,0.317923,0.615776,-0.784615,2.34314
targets,TE1,label,NEW,total,all,111,0.325218,0,0.278827,0.218456,0.431979,0.132882,-0.122123,0.0969166,0.0286743,0.23709,0,1.44231
targets,TE1,label,NEW_QB,new,all,15,0,0,0,0,0,-0.00302609,-0.0030426,-0.00286296,-0.0032931,-0.00275907,0,0
targets,TE1,label,NEW_RB,new,all,28,0.0943518,0,0.0961924,0.0366702,0.152033,-0.0180906,-0.100115,-0.0132797,-0.0767026,0.0405214,0,0.34875
targets,TE1,label,NEW_TE,new,all,42,0.364019,0.188235,0.3397,0.237169,0.490869,0.139447,-0.0367895,0.126725,0.0140636,0.264831,0,1.41923
targets,TE1,label,NEW_WR,new,all,50,0.36337,0.128182,0.295302,0.167589,0.55915,0.123779,-0.0764307,0.0676717,-0.0649375,0.312495,0,0.971875
targets,TE1,label,NOWHERE,leak,all,111,-0.153712,-0.125,-0.0859841,-0.355674,0.0482503,0.144285,0.194298,0.195861,-0.054801,0.343372,-2.39583,1.83333
targets,TE1,label,OTHER_MISSING,leak,all,111,0.328634,0.222222,0.317097,0.27495,0.382318,-0.175662,-0.258083,-0.159865,-0.229701,-0.121624,0,0.975
targets,TE1,label,QB1,player,all,94,0.000107374,0,0.000576701,-0.00253835,0.0027531,-5.89211e-05,-0.000160519,0.00042007,-0.00270546,0.00258762,0,0
targets,TE1,label,QB2+,player,all,23,0,0,0,0,0,-0.00175337,-0.00182749,-0.00170257,-0.00185231,-0.00165443,0,0
targets,TE1,label,RB1,player,all,109,0.0050971,-0.0689655,-0.00303951,-0.0622079,0.0724021,0.0438431,-0.0240471,0.0335887,-0.0234877,0.111174,-0.571429,0.707018
targets,TE1,label,RB2,player,all,95,0.0706617,0,0.0595376,0.01746,0.123863,0.0444374,-0.0179568,0.0348859,-0.00858453,0.0974593,-0.333333,0.691667
targets,TE1,label,RB3+,player,all,121,0.104441,0.0434783,0.101215,0.064951,0.143931,0.0419365,-0.00606951,0.0414977,0.0026888,0.0811842,-0.176471,0.545455
targets,TE1,label,ROTATION,total,all,111,1.15371,1.125,1.08598,0.95175,1.35567,0.855715,0.805702,0.804139,0.656628,1.0548,-0.833333,3.39583
targets,TE1,label,TE2+,player,all,155,0.25918,0.208333,0.251841,0.206488,0.311871,0.152466,0.119562,0.151378,0.0998879,0.205044,-0.210526,0.902222
targets,TE1,label,TEAM_VOLUME,leak,all,111,0.150296,0.0416667,0.0477137,-0.0835778,0.384169,0.164259,0.0516413,0.0609206,-0.0698153,0.398334,-2.05409,2.63269
targets,TE1,label,WR1,player,all,109,0.0949505,0.0555556,0.0824065,-0.00258261,0.192484,0.219887,0.174638,0.200525,0.121428,0.318346,-0.759289,1.33597
targets,TE1,label,WR2,player,all,102,0.177917,0.101667,0.158437,0.0826148,0.273219,0.160149,0.0829661,0.141654,0.0649976,0.255301,-0.5,1.14544
targets,TE1,label,WR3,player,all,96,0.171271,0.0444664,0.156613,0.0953298,0.247213,0.0791026,-0.0298303,0.0690693,0.00358894,0.154616,-0.361607,1.02381
targets,TE1,label,WR4+,player,all,133,0.173189,0.0909091,0.174365,0.126006,0.220372,0.0258967,-0.0394614,0.0352773,-0.0217801,0.0735735,-0.219324,0.877922
targets,TE1,label,GRP_QB,group,fit,63,0.000160209,0,0.000844595,-0.00379782,0.00411824,-0.000282738,-0.000436872,0.000426172,-0.00424407,0.0036786,0,0
targets,TE1,label,GRP_RB,group,fit,65,0.186342,0.142857,0.160891,0.0769163,0.295768,0.145949,0.0920546,0.122747,0.0369244,0.254974,-0.492308,1.0675
targets,TE1,label,GRP_TE,group,fit,62,0.469069,0.409091,0.442241,0.357562,0.580577,0.360529,0.322056,0.339901,0.250164,0.470894,-0.214098,1.34262
targets,TE1,label,GRP_WR,group,fit,65,0.64694,0.4375,0.618812,0.465738,0.828143,0.505254,0.300208,0.485015,0.325029,0.685479,-0.620952,2.34902
targets,TE1,label,NEW,total,fit,65,0.335975,0,0.269802,0.187741,0.484208,0.14871,-0.122123,0.0929649,0.00565415,0.291766,0,1.33269
targets,TE1,label,NEW_QB,new,fit,8,0,0,0,0,0,-0.00304584,-0.0030426,-0.00297693,-0.00333035,-0.00276134,0,0
targets,TE1,label,NEW_RB,new,fit,13,0.151858,0,0.151899,0.0364823,0.267233,0.0416567,-0.0812896,0.0448846,-0.0745742,0.157888,0,0.577941
targets,TE1,label,NEW_TE,new,fit,22,0.336586,0.163235,0.292308,0.154999,0.518173,0.11151,-0.0349927,0.0826351,-0.0651343,0.288154,0,1.35068
targets,TE1,label,NEW_WR,new,fit,32,0.389353,0.06,0.29698,0.127653,0.651053,0.157374,-0.113586,0.0784548,-0.0922908,0.407039,0,0.965625
targets,TE1,label,NOWHERE,leak,fit,65,-0.280857,-0.125,-0.203795,-0.53755,-0.0241649,0.00928334,0.282615,0.0701897,-0.243621,0.262188,-2.42619,1.55714
targets,TE1,label,OTHER_MISSING,leak,fit,65,0.338183,0.181818,0.318482,0.25833,0.418036,-0.152818,-0.273053,-0.145179,-0.230023,-0.0756126,0,1.1
targets,TE1,label,QB1,player,fit,56,0.000180235,0,0.000935454,-0.00427703,0.0046375,1.96785e-05,-0.00015207,0.000784095,-0.00443893,0.00447828,0,0
targets,TE1,label,QB2+,player,fit,13,0,0,0,0,0,-0.00174323,-0.00182749,-0.00168193,-0.00188861,-0.00159785,0,0
targets,TE1,label,RB1,player,fit,64,-0.0121905,-0.108824,-0.0334448,-0.101185,0.0768043,0.0254233,-0.07273,0.00205169,-0.0638565,0.114703,-0.585714,0.560625
targets,TE1,label,RB2,player,fit,55,0.0662721,0,0.0682692,0.00522986,0.127314,0.0409706,-0.0179568,0.0445283,-0.0201802,0.102121,-0.333333,0.585
targets,TE1,label,RB3+,player,fit,73,0.126677,0.0588235,0.119446,0.0691245,0.18423,0.0655505,-0.00485561,0.0611149,0.00863752,0.122464,-0.25,0.634921
targets,TE1,label,ROTATION,total,fit,65,1.28086,1.125,1.2038,1.02416,1.53755,0.990717,0.717385,0.92981,0.737812,1.24362,-0.557143,3.42619
targets,TE1,label,TE2+,player,fit,98,0.296758,0.262014,0.280635,0.227155,0.366362,0.191343,0.157606,0.181569,0.122304,0.260382,-0.173246,0.895556
targets,TE1,label,TEAM_VOLUME,leak,fit,65,0.278649,0,0.155116,-0.0322777,0.589576,0.292245,0.0217627,0.167954,-0.0189849,0.603474,-1.93333,2.64308
targets,TE1,label,WR1,player,fit,63,0.141399,0.0909091,0.121392,0.00954973,0.273248,0.262866,0.224534,0.236026,0.129825,0.395906,-0.729217,1.40241
targets,TE1,label,WR2,player,fit,60,0.152802,0.146429,0.159785,0.0515506,0.254054,0.135501,0.128017,0.143451,0.0341842,0.236818,-0.5,1.15019
targets,TE1,label,WR3,player,fit,55,0.187591,-0.05,0.161546,0.0726681,0.302515,0.0976435,-0.128607,0.0758502,-0.0161426,0.21143,-0.379167,1.1359
targets,TE1,label,WR4+,player,fit,75,0.182097,0.0769231,0.192336,0.118199,0.245996,0.0380827,-0.0394614,0.0560558,-0.0271074,0.103273,-0.215217,0.786061
targets,TE1,label,GRP_QB,group,test,46,0,0,0,0,0,-0.000475782,-0.00046257,-0.000452163,-0.000502076,-0.000449488,0,0
targets,TE1,label,GRP_RB,group,test,46,0.169425,0.127005,0.15875,0.0613621,0.277489,0.126393,0.0874727,0.117854,0.0184908,0.234295,-0.478804,0.96875
targets,TE1,label,GRP_TE,group,test,38,0.291857,0.252381,0.304606,0.172126,0.411588,0.177656,0.143577,0.196492,0.0565922,0.29872,-0.2825,1.17591
targets,TE1,label,GRP_WR,group,test,46,0.563525,0.483333,0.4925,0.304468,0.822582,0.412581,0.313823,0.34905,0.157148,0.668014,-0.8,1.76697
targets,TE1,label,NEW,total,test,46,0.310017,0,0.2925,0.1582,0.461835,0.110517,-0.118786,0.102903,-0.040728,0.261762,0,1.49303
targets,TE1,label,NEW_QB,new,test,7,0,0,0,0,0,-0.00300351,-0.0030426,-0.00274295,-0.00350164,-0.00250538,0,0
targets,TE1,label,NEW_RB,new,test,15,0.0445132,0,0.0458015,0.0120277,0.0769988,-0.0698716,-0.102682,-0.065894,-0.104736,-0.0350074,0,0.169608
targets,TE1,label,NEW_TE,new,test,20,0.394196,0.215385,0.393586,0.213694,0.574697,0.170178,-0.0387809,0.176856,-0.0116128,0.35197,0,1.425
targets,TE1,label,NEW_WR,new,test,18,0.317177,0.147129,0.291946,0.0267683,0.607586,0.0640531,-0.0764307,0.0461056,-0.222624,0.350731,0,1.06416
targets,TE1,label,NOWHERE,leak,test,46,0.0259502,-0.128788,0.0925,-0.297873,0.349773,0.335049,0.168972,0.386254,0.0164341,0.653664,-1.52206,1.96154
targets,TE1,label,OTHER_MISSING,leak,test,46,0.315141,0.29021,0.315,0.250594,0.379687,-0.207943,-0.243033,-0.182116,-0.279629,-0.136256,0,0.731818
targets,TE1,label,QB1,player,test,38,0,0,0,0,0,-0.000174752,-0.000170551,-0.000165105,-0.000186047,-0.000163457,0,0
targets,TE1,label,QB2+,player,test,10,0,0,0,0,0,-0.00176655,-0.00171999,-0.00173016,-0.00190189,-0.00163121,0,0
targets,TE1,label,RB1,player,test,45,0.0296838,-0.0526316,0.0437018,-0.0739559,0.133324,0.0700402,-0.0177189,0.0820699,-0.033158,0.173238,-0.564835,0.857895
targets,TE1,label,RB2,player,test,40,0.0766972,0,0.0463768,-0.0187173,0.172112,0.0492043,-0.0166158,0.0203525,-0.0455113,0.14392,-0.313542,0.792735
targets,TE1,label,RB3+,player,test,48,0.070623,0,0.0717647,0.0236042,0.117642,0.00602344,-0.0609507,0.00981014,-0.0413547,0.0534016,-0.163596,0.425
targets,TE1,label,ROTATION,total,test,46,0.97405,1.12879,0.9075,0.650227,1.29787,0.664951,0.831028,0.613746,0.346336,0.983566,-0.961538,2.52206
targets,TE1,label,TE2+,player,test,57,0.194571,0.15,0.200391,0.117012,0.272131,0.0856245,0.0117017,0.0974301,0.00728893,0.16396,-0.235088,0.893333
targets,TE1,label,TEAM_VOLUME,leak,test,46,-0.0310736,0.0611888,-0.115,-0.384583,0.322436,-0.0165896,0.0758368,-0.101235,-0.370377,0.337197,-2.24142,2.45784
targets,TE1,label,WR1,player,test,46,0.0313364,-0.0900735,0.025,-0.113142,0.175815,0.161024,0.0372815,0.14825,0.0148347,0.307214,-0.747671,1.23095
targets,TE1,label,WR2,player,test,42,0.213795,0.0227273,0.156379,0.0318143,0.395775,0.195361,0.00924275,0.138907,0.0139122,0.376811,-0.498529,1.04922
targets,TE1,label,WR3,player,test,41,0.149379,0.111111,0.14965,0.0594007,0.239357,0.0542307,0.0237705,0.0595002,-0.0362691,0.14473,-0.272727,0.608696
targets,TE1,label,WR4+,player,test,58,0.161668,0.105263,0.15,0.091266,0.232071,0.0101389,-0.038052,0.00710404,-0.0599723,0.0802501,-0.223504,0.878571
targets,TE2+,label,GRP_QB,group,all,3,0,0,0,0,0,-0.000534328,-0.0006049,-0.00051285,-0.000650411,-0.000418245,0,0
targets,TE2+,label,GRP_RB,group,all,3,-0.266667,-0.615385,-0.347826,-0.997387,0.464054,-0.314994,-0.670095,-0.394211,-1.03946,0.409472,-0.781538,0.492308
targets,TE2+,label,GRP_TE,group,all,3,0.0269231,0.0769231,-1.44812e-17,-0.123102,0.176948,-0.103183,-0.0703663,-0.124876,-0.225985,0.0196202,-0.127308,0.146154
targets,TE2+,label,GRP_WR,group,all,3,0.908974,0.615385,0.717391,-0.447722,2.26567,0.739457,0.423478,0.554688,-0.589345,2.06826,-0.253462,2.27692
targets,TE2+,label,NEW,total,all,3,0.1,0,0.130435,-0.06449,0.26449,-0.124049,-0.253641,-0.0846086,-0.337214,0.0891155,0,0.27
targets,TE2+,label,NEW_QB,new,all,1,0,0,0,,,-0.00397878,-0.00397878,-0.00397878,,,0,0
targets,TE2+,label,NEW_WR,new,all,2,0.15,0.15,0.181818,-0.096735,0.396735,-0.10829,-0.10829,-0.0648503,-0.445148,0.228567,0.015,0.285
targets,TE2+,label,NOWHERE,leak,all,3,0.330769,-0.384615,0.630435,-1.30888,1.97042,0.677903,0.00836673,0.963615,-0.8873,2.24311,-0.869231,2.03154
targets,TE2+,label,OTHER_MISSING,leak,all,3,0.194872,0.2,0.195652,0.158103,0.231641,-0.392578,-0.434268,-0.368184,-0.529386,-0.25577,0.158462,0.227692
targets,TE2+,label,QB1,player,all,2,0,0,0,0,0,-0.000183362,-0.000183362,-0.000175111,-0.00024734,-0.000119384,0,0
targets,TE2+,label,QB2+,player,all,1,0,0,0,,,-0.00224921,-0.00224921,-0.00224921,,,0,0
targets,TE2+,label,RB1,player,all,3,-0.410256,-0.615385,-0.5,-1.08903,0.268517,-0.365183,-0.564358,-0.456739,-1.05099,0.320622,-0.961538,0.284615
targets,TE2+,label,RB2,player,all,2,0.126923,0.126923,0.121212,0.0826373,0.171209,0.098434,0.098434,0.0940049,0.0640886,0.132779,0.102692,0.151154
targets,TE2+,label,RB3+,player,all,4,0.0442308,0.05,0.0508475,-0.0893151,0.177777,-0.0327781,-0.0196244,-0.023533,-0.169617,0.104061,-0.130769,0.211154
targets,TE2+,label,ROTATION,total,all,3,0.669231,1.38462,0.369565,-0.970421,2.30888,0.322097,0.991633,0.0363847,-1.24311,1.8873,-1.03154,1.86923
targets,TE2+,label,TE1,player,all,3,-0.151282,-0.3,-0.173913,-0.402261,0.0996972,-0.145746,-0.295926,-0.1686,-0.397314,0.105822,-0.306923,0.108462
targets,TE2+,label,TE2+,player,all,3,0.178205,0.25,0.150943,-0.0593655,0.415776,0.0692277,0.157606,0.0463465,-0.149684,0.288139,-0.065,0.371154
targets,TE2+,label,TEAM_VOLUME,leak,all,3,-0.425641,0.230769,-0.695652,-1.90133,1.05005,-0.409375,0.249184,-0.68004,-1.88856,1.06981,-1.95692,0.646154
targets,TE2+,label,WR1,player,all,3,0.0538462,0.153846,2.89623e-17,-0.246203,0.353896,0.199493,0.318729,0.139792,-0.131336,0.530322,-0.254615,0.292308
targets,TE2+,label,WR2,player,all,3,0.428205,0.461538,0.347826,-0.0583674,0.914778,0.4076,0.438211,0.328049,-0.0749804,0.89018,-0.0438462,0.876923
targets,TE2+,label,WR3,player,all,2,-0.05,-0.05,-0.0606061,-0.132245,0.032245,-0.14977,-0.14977,-0.155887,-0.197203,-0.102336,-0.095,-0.005
targets,TE2+,label,WR4+,player,all,6,0.230128,0.075,0.223529,-0.106312,0.566568,0.0480969,-0.116384,0.0461413,-0.2874,0.383594,-0.0769231,0.961538
targets,TE2+,label,GRP_QB,group,fit,1,0,0,0,,,-0.000393185,-0.000393185,-0.000393185,,,0,0
targets,TE2+,label,GRP_RB,group,fit,1,-0.8,-0.8,-0.8,,,-0.835562,-0.835562,-0.835562,,,-0.8,-0.8
targets,TE2+,label,GRP_TE,group,fit,1,-0.15,-0.15,-0.15,,,-0.245738,-0.245738,-0.245738,,,-0.15,-0.15
targets,TE2+,label,GRP_WR,group,fit,1,-0.35,-0.35,-0.35,,,-0.47474,-0.47474,-0.47474,,,-0.35,-0.35
targets,TE2+,label,NEW,total,fit,1,0.3,0.3,0.3,,,0.135133,0.135133,0.135133,,,0.3,0.3
targets,TE2+,label,NEW_WR,new,fit,1,0.3,0.3,0.3,,,0.0964985,0.0964985,0.0964985,,,0.3,0.3
targets,TE2+,label,NOWHERE,leak,fit,1,2.3,2.3,2.3,,,2.55544,2.55544,2.55544,,,2.3,2.3
targets,TE2+,label,OTHER_MISSING,leak,fit,1,0.2,0.2,0.2,,,-0.232274,-0.232274,-0.232274,,,0.2,0.2
targets,TE2+,label,QB1,player,fit,1,0,0,0,,,-0.000144467,-0.000144467,-0.000144467,,,0,0
targets,TE2+,label,RB1,player,fit,1,-1,-1,-1,,,-0.966833,-0.966833,-0.966833,,,-1,-1
targets,TE2+,label,RB2,player,fit,1,0.1,0.1,0.1,,,0.077554,0.077554,0.077554,,,0.1,0.1
targets,TE2+,label,RB3+,player,fit,1,0.1,0.1,0.1,,,0.0451444,0.0451444,0.0451444,,,0.1,0.1
targets,TE2+,label,ROTATION,total,fit,1,-1.3,-1.3,-1.3,,,-1.55544,-1.55544,-1.55544,,,-1.3,-1.3
targets,TE2+,label,TE1,player,fit,1,-0.3,-0.3,-0.3,,,-0.295926,-0.295926,-0.295926,,,-0.3,-0.3
targets,TE2+,label,TE2+,player,fit,2,0.075,0.075,0.075,-0.212857,0.362858,-0.0173939,-0.0173939,-0.0173939,-0.305251,0.270464,-0.0825,0.2325
targets,TE2+,label,TEAM_VOLUME,leak,fit,1,-2.2,-2.2,-2.2,,,-2.18803,-2.18803,-2.18803,,,-2.2,-2.2
targets,TE2+,label,WR1,player,fit,1,-0.3,-0.3,-0.3,,,-0.192826,-0.192826,-0.192826,,,-0.3,-0.3
targets,TE2+,label,WR2,player,fit,1,-0.1,-0.1,-0.1,,,-0.115163,-0.115163,-0.115163,,,-0.1,-0.1
targets,TE2+,label,WR3,player,fit,1,-0.1,-0.1,-0.1,,,-0.178607,-0.178607,-0.178607,,,-0.1,-0.1
targets,TE2+,label,WR4+,player,fit,1,0.15,0.15,0.15,,,0.0243501,0.0243501,0.0243501,,,0.15,0.15
targets,TE2+,label,GRP_QB,group,test,2,0,0,0,0,0,-0.0006049,-0.0006049,-0.0006049,-0.0006049,-0.0006049,0,0
targets,TE2+,label,GRP_RB,group,test,2,1.11022e-16,1.11022e-16,1.02482e-16,-1.01225,1.01225,-0.0547104,-0.0547104,-0.0547104,-1.06696,0.957536,-0.553846,0.553846
targets,TE2+,label,GRP_TE,group,test,2,0.115385,0.115385,0.115385,0.0521192,0.17865,-0.0319048,-0.0319048,-0.0319048,-0.0951702,0.0313606,0.0807692,0.15
targets,TE2+,label,GRP_WR,group,test,2,1.53846,1.53846,1.53846,0.0200923,3.05683,1.34655,1.34655,1.34655,-0.171815,2.86492,0.707692,2.36923
targets,TE2+,label,NEW,total,test,2,0,0,0,0,0,-0.253641,-0.253641,-0.253641,-0.253641,-0.253641,0,0
targets,TE2+,label,NEW_QB,new,test,1,0,0,0,,,-0.00397878,-0.00397878,-0.00397878,,,0,0
targets,TE2+,label,NEW_WR,new,test,1,0,0,0,,,-0.313079,-0.313079,-0.313079,,,0,0
targets,TE2+,label,NOWHERE,leak,test,2,-0.653846,-0.653846,-0.653846,-1.0967,-0.210988,-0.260864,-0.260864,-0.260864,-0.703722,0.181994,-0.896154,-0.411538
targets,TE2+,label,OTHER_MISSING,leak,test,2,0.192308,0.192308,0.192308,0.129042,0.255573,-0.47273,-0.47273,-0.47273,-0.535995,-0.409465,0.157692,0.226923
targets,TE2+,label,QB1,player,test,1,0,0,0,,,-0.000222257,-0.000222257,-0.000222257,,,0,0
targets,TE2+,label,QB2+,player,test,1,0,0,0,,,-0.00224921,-0.00224921,-0.00224921,,,0,0
targets,TE2+,label,RB1,player,test,2,-0.115385,-0.115385,-0.115385,-0.937835,0.707065,-0.0643584,-0.0643584,-0.0643584,-0.886808,0.758092,-0.565385,0.334615
targets,TE2+,label,RB2,player,test,1,0.153846,0.153846,0.153846,,,0.119314,0.119314,0.119314,,,0.153846,0.153846
targets,TE2+,label,RB3+,player,test,3,0.025641,0,0.025641,-0.158204,0.209486,-0.0587522,-0.0843932,-0.0587522,-0.242597,0.125093,-0.138462,0.207692
targets,TE2+,label,ROTATION,total,test,2,1.65385,1.65385,1.65385,1.21099,2.0967,1.26086,1.26086,1.26086,0.818006,1.70372,1.41154,1.89615
targets,TE2+,label,TE1,player,test,2,-0.0769231,-0.0769231,-0.0769231,-0.456515,0.302669,-0.0706559,-0.0706559,-0.0706559,-0.450248,0.308936,-0.284615,0.130769
targets,TE2+,label,TE2+,player,test,1,0.384615,0.384615,0.384615,,,0.242471,0.242471,0.242471,,,0.384615,0.384615
targets,TE2+,label,TEAM_VOLUME,leak,test,2,0.461538,0.461538,0.461538,0.0819462,0.841131,0.479953,0.479953,0.479953,0.100361,0.859545,0.253846,0.669231
targets,TE2+,label,WR1,player,test,2,0.230769,0.230769,0.230769,0.104238,0.3573,0.395652,0.395652,0.395652,0.269121,0.522183,0.161538,0.3
targets,TE2+,label,WR2,player,test,2,0.692308,0.692308,0.692308,0.312715,1.0719,0.668981,0.668981,0.668981,0.289388,1.04857,0.484615,0.9
targets,TE2+,label,WR3,player,test,1,0,0,0,,,-0.120933,-0.120933,-0.120933,,,0,0
targets,TE2+,label,WR4+,player,test,5,0.246154,0,0.246154,-0.164633,0.656941,0.0528463,-0.193308,0.0528463,-0.35794,0.463633,-0.0769231,1.01538
targets,WR1,label,GRP_QB,group,all,230,-0.00076622,0,-0.000741565,-0.00279746,0.00126501,-0.00112084,-0.000357441,-0.00107687,-0.00315222,0.000910537,-0.0308333,0
targets,WR1,label,GRP_RB,group,all,239,0.0332163,3.84308e-17,0.039415,-0.0177292,0.0841618,0.00110091,-0.0192226,0.0090984,-0.0499192,0.052121,-0.7125,0.78
targets,WR1,label,GRP_TE,group,all,239,0.159311,0.125,0.153915,0.114666,0.203957,0.0728513,0.0471842,0.0722974,0.028224,0.117479,-0.461813,0.833333
targets,WR1,label,GRP_WR,group,all,239,0.767223,0.681818,0.715534,0.683284,0.851163,0.654573,0.569145,0.609193,0.571339,0.737806,-0.403333,2.22353
targets,WR1,label,NEW,total,all,239,0.271856,0.15,0.272338,0.233943,0.309768,0.122966,-0.0114358,0.131788,0.0849092,0.161024,0,1.05214
targets,WR1,label,NEW_QB,new,all,41,0,0,0,0,0,-0.00227402,-0.00215517,-0.00212069,-0.00243529,-0.00211275,0,0
targets,WR1,label,NEW_RB,new,all,79,0.0986484,0,0.0903712,0.0607116,0.136585,0.0104884,-0.0750365,0.00746369,-0.0266326,0.0476095,0,0.402857
targets,WR1,label,NEW_TE,new,all,56,0.139332,0.127717,0.135218,0.10604,0.172623,-0.0315731,-0.0367895,-0.023795,-0.0651637,0.00201741,0,0.469853
targets,WR1,label,NEW_WR,new,all,158,0.312517,0.210591,0.30902,0.269784,0.35525,0.13479,0.0634311,0.140898,0.0918862,0.177695,0,0.9735
targets,WR1,label,NOWHERE,leak,all,239,0.0409864,0.166667,0.0918495,-0.0741298,0.156103,0.27167,0.411436,0.309612,0.157387,0.385953,-1.9418,1.67083
targets,WR1,label,OTHER_MISSING,leak,all,239,0.419314,0.333333,0.391297,0.377647,0.460981,0.0289322,-0.060944,0.0227801,-0.0105666,0.068431,0,1.10628
targets,WR1,label,QB1,player,all,202,-0.000872429,0,-0.000842815,-0.00318565,0.00144079,-0.00100243,-0.000131334,-0.000965791,-0.0033157,0.00131085,-0.0355952,0
targets,WR1,label,QB2+,player,all,46,0,0,0,0,0,-0.00137712,-0.00132908,-0.0012822,-0.00147164,-0.00128259,0,0
targets,WR1,label,RB1,player,all,238,-0.0452773,-0.0754986,-0.0377662,-0.0790677,-0.0114868,-0.015338,-0.0504579,-0.00950865,-0.0490367,0.0183607,-0.517655,0.557005
targets,WR1,label,RB2,player,all,191,0.0283367,0,0.0281376,-0.00443631,0.0611097,0.00810289,-0.0195182,0.00898983,-0.0246721,0.0408778,-0.395538,0.48913
targets,WR1,label,RB3+,player,all,226,0.0588601,0,0.0578888,0.0345329,0.0831873,0.00918404,-0.0399082,0.0109823,-0.0151769,0.033545,-0.209978,0.439375
targets,WR1,label,ROTATION,total,all,239,0.959014,0.833333,0.908151,0.843897,1.07413,0.72833,0.588564,0.690388,0.614047,0.842613,-0.670833,2.9418
targets,WR1,label,TE1,player,all,219,0.0216411,0,0.0236709,-0.0159454,0.0592276,0.02531,0.00452629,0.0271328,-0.0122716,0.0628915,-0.47,0.581922
targets,WR1,label,TE2+,player,all,269,0.123926,0.0714286,0.117956,0.0973464,0.150505,0.0404651,0.00524559,0.0388285,0.0140235,0.0669067,-0.19619,0.596364
targets,WR1,label,TEAM_VOLUME,leak,all,239,-0.188445,-0.285714,-0.210808,-0.309112,-0.0677783,-0.177635,-0.274315,-0.200604,-0.298316,-0.0569551,-1.82451,1.64902
targets,WR1,label,WR2,player,all,221,0.141209,0.105263,0.123826,0.0925883,0.18983,0.127605,0.0893025,0.11098,0.0790453,0.176164,-0.521739,0.894737
targets,WR1,label,WR3,player,all,197,0.223911,0.172414,0.210777,0.181272,0.266549,0.153252,0.109836,0.143755,0.110848,0.195657,-0.275325,0.901818
targets,WR1,label,WR4+,player,all,382,0.28285,0.2,0.272096,0.250641,0.31506,0.167271,0.0881461,0.162898,0.135225,0.199318,-0.166667,1.0475
targets,WR1,label,GRP_QB,group,fit,134,-0.00092335,0,-0.000941324,-0.00380578,0.00195908,-0.00127076,-0.0003419,-0.00127196,-0.00415328,0.00161176,-0.0341667,0
targets,WR1,label,GRP_RB,group,fit,138,0.0917552,0.0488095,0.0834097,0.0238818,0.159629,0.0601836,0.0140945,0.0534218,-0.00758062,0.127948,-0.585121,0.889484
targets,WR1,label,GRP_TE,group,fit,138,0.192669,0.185185,0.182707,0.133645,0.251693,0.107673,0.101779,0.101975,0.0488666,0.16648,-0.416958,0.834333
targets,WR1,label,GRP_WR,group,fit,138,0.769776,0.627706,0.72044,0.65779,0.881762,0.659033,0.519376,0.615252,0.547939,0.770127,-0.30579,2.24688
targets,WR1,label,NEW,total,fit,138,0.268609,0.146429,0.269478,0.217094,0.320124,0.122241,-0.0114358,0.130452,0.0703027,0.17418,0,0.967263
targets,WR1,label,NEW_QB,new,fit,18,0,0,0,0,0,-0.00221244,-0.00215517,-0.00206897,-0.0024593,-0.00196558,0,0
targets,WR1,label,NEW_RB,new,fit,51,0.105718,0,0.105088,0.0551934,0.156242,0.0191194,-0.0750365,0.0221031,-0.0314692,0.069708,0,0.414286
targets,WR1,label,NEW_TE,new,fit,27,0.146546,0.130435,0.143541,0.105203,0.187888,-0.0200478,-0.0311706,-0.0165182,-0.0616088,0.0215131,0,0.4125
targets,WR1,label,NEW_WR,new,fit,92,0.301301,0.166667,0.298253,0.246731,0.355871,0.125819,-0.0329318,0.130568,0.0709845,0.180653,0,0.92849
targets,WR1,label,NOWHERE,leak,fit,138,-0.0533033,0.120773,0.0143599,-0.218041,0.111434,0.173474,0.33784,0.229762,0.0105117,0.336435,-2.07269,1.70923
targets,WR1,label,OTHER_MISSING,leak,fit,138,0.440548,0.324561,0.410632,0.378944,0.502151,0.0567769,-0.0587675,0.0461114,-0.00166394,0.115218,0,1.16011
targets,WR1,label,QB1,player,fit,122,-0.00101417,0,-0.00103022,-0.00418096,0.00215262,-0.00114135,-0.000125623,-0.00115127,-0.00430817,0.00202548,-0.0355952,0
targets,WR1,label,QB2+,player,fit,20,0,0,0,0,0,-0.00131448,-0.00130019,-0.00124956,-0.00142189,-0.00120707,0,0
targets,WR1,label,RB1,player,fit,137,0.010306,-0.0416667,0.00891485,-0.0346168,0.0552289,0.0397244,-0.0140275,0.0368514,-0.00522692,0.0846757,-0.416667,0.635714
targets,WR1,label,RB2,player,fit,111,0.0353281,9.18805e-17,0.0307456,-0.0100863,0.0807426,0.0151767,-0.0128263,0.0115949,-0.0301334,0.0604868,-0.393382,0.48913
targets,WR1,label,RB3+,player,fit,136,0.0538887,0,0.0498935,0.021575,0.0862025,0.0060426,-0.0441672,0.00450038,-0.0261924,0.0382776,-0.229978,0.431429
targets,WR1,label,ROTATION,total,fit,138,1.0533,0.879227,0.98564,0.888566,1.21804,0.826526,0.66216,0.770238,0.663565,0.989488,-0.709226,3.07269
targets,WR1,label,TE1,player,fit,124,0.0380072,0.031754,0.0403527,-0.00930849,0.0853229,0.0416185,0.0343411,0.0437785,-0.00569092,0.0889279,-0.463874,0.57648
targets,WR1,label,TE2+,player,fit,157,0.139334,0.0625,0.129076,0.0998525,0.178815,0.0570242,0.00475381,0.0508982,0.0178742,0.0961743,-0.18355,0.625
targets,WR1,label,TEAM_VOLUME,leak,fit,138,-0.118635,-0.280788,-0.155515,-0.289549,0.0522779,-0.108009,-0.273811,-0.145421,-0.278962,0.062944,-1.87334,1.89956
targets,WR1,label,WR2,player,fit,130,0.150175,0.0954545,0.127543,0.0850865,0.215263,0.1368,0.0809812,0.114813,0.0718176,0.201782,-0.525,1.01325
targets,WR1,label,WR3,player,fit,114,0.245208,0.229021,0.235338,0.183258,0.307158,0.175971,0.149314,0.169228,0.114235,0.237707,-0.280214,0.925978
targets,WR1,label,WR4+,player,fit,206,0.285207,0.205263,0.271739,0.243038,0.327376,0.173668,0.0994801,0.165571,0.131869,0.215467,-0.146825,1
targets,WR1,label,GRP_QB,group,test,96,-0.000546893,0,-0.000453104,-0.00330185,0.00220806,-0.000911585,-0.000357441,-0.000795159,-0.003667,0.00184383,0,0
targets,WR1,label,GRP_RB,group,test,101,-0.0467675,-5.40108e-17,-0.0222793,-0.122227,0.0286916,-0.079626,-0.0418374,-0.0530569,-0.155514,-0.0037377,-0.958333,0.65
targets,WR1,label,GRP_TE,group,test,101,0.113734,0.0909091,0.113539,0.0458579,0.181609,0.0252731,0.00387443,0.0306808,-0.0428226,0.0933688,-0.473684,0.75
targets,WR1,label,GRP_WR,group,test,101,0.763736,0.692308,0.708655,0.636435,0.891037,0.648478,0.597367,0.600697,0.522335,0.774622,-0.5,2.04167
targets,WR1,label,NEW,total,test,101,0.276291,0.1875,0.27635,0.220378,0.332205,0.123957,-0.0110123,0.133663,0.0682142,0.1797,0,1.05
targets,WR1,label,NEW_QB,new,test,23,0,0,0,0,0,-0.00232221,-0.00224888,-0.00216301,-0.00253852,-0.00210589,0,0
targets,WR1,label,NEW_RB,new,test,28,0.085772,0,0.0636364,0.030143,0.141401,-0.00523226,-0.0723566,-0.0191312,-0.0558383,0.0453738,0,0.376667
targets,WR1,label,NEW_TE,new,test,29,0.132616,0.1,0.127566,0.0804881,0.184743,-0.0423036,-0.0448077,-0.030485,-0.0948722,0.010265,0,0.549265
targets,WR1,label,NEW_WR,new,test,66,0.328151,0.25,0.324121,0.259375,0.396926,0.147296,0.0773225,0.155388,0.0782683,0.216324,0,1.0275
targets,WR1,label,NOWHERE,leak,test,101,0.169818,0.181818,0.200514,0.0179813,0.321654,0.405839,0.465722,0.421588,0.254177,0.557501,-1.15,1.63333
targets,WR1,label,OTHER_MISSING,leak,test,101,0.390302,0.35,0.364182,0.338973,0.44163,-0.0091131,-0.0826715,-0.00993762,-0.0573384,0.0391121,0,1.1
targets,WR1,label,QB1,player,test,80,-0.000656272,0,-0.000545256,-0.00396533,0.00265279,-0.000790568,-0.000131334,-0.000671291,-0.00409981,0.00251868,-0.00178571,0
targets,WR1,label,QB2+,player,test,26,0,0,0,0,0,-0.0014253,-0.00132908,-0.00130849,-0.00157067,-0.00127993,0,0
targets,WR1,label,RB1,player,test,101,-0.120672,-0.136364,-0.102828,-0.169526,-0.0718194,-0.0900266,-0.106212,-0.0741228,-0.138527,-0.0415259,-0.529412,0.380952
targets,WR1,label,RB2,player,test,80,0.0186361,0,0.0245203,-0.0280248,0.065297,-0.00171199,-0.0230366,0.00537658,-0.0485749,0.0451509,-0.381773,0.398214
targets,WR1,label,RB3+,player,test,90,0.0663724,0,0.0710355,0.0294837,0.103261,0.0139311,-0.0391826,0.0216408,-0.0232786,0.0511408,-0.18658,0.444375
targets,WR1,label,ROTATION,total,test,101,0.830182,0.818182,0.799486,0.678346,0.982019,0.594161,0.534278,0.578412,0.442499,0.745823,-0.633333,2.15
targets,WR1,label,TE1,player,test,95,0.000279028,-0.0333333,0.00136054,-0.0605976,0.0611556,0.00402301,-0.0306176,0.00487073,-0.0568469,0.0648929,-0.512381,0.539474
targets,WR1,label,TE2+,player,test,112,0.102327,0.0833333,0.101906,0.0706047,0.134049,0.0172528,0.00598629,0.0214071,-0.0145632,0.0490687,-0.204737,0.481667
targets,WR1,label,TEAM_VOLUME,leak,test,101,-0.283828,-0.285714,-0.288346,-0.447829,-0.119828,-0.272769,-0.274315,-0.277987,-0.436755,-0.108782,-1.69231,1.17391
targets,WR1,label,WR2,player,test,91,0.128401,0.125,0.118396,0.0552522,0.201551,0.114468,0.112364,0.105379,0.0413726,0.187564,-0.51087,0.737557
targets,WR1,label,WR3,player,test,83,0.194658,0.15,0.175916,0.139874,0.249442,0.122048,0.0867096,0.107599,0.0679001,0.176197,-0.264,0.74
targets,WR1,label,WR4+,player,test,176,0.280092,0.180195,0.272542,0.230453,0.329731,0.159784,0.081563,0.159569,0.110229,0.209339,-0.17731,1.0625
targets,WR2,label,GRP_QB,group,all,192,-0.00165825,0,-0.00113863,-0.00507545,0.00175894,-0.0021085,-0.000436872,-0.00156841,-0.0055267,0.00130971,-0.0570261,0
targets,WR2,label,GRP_RB,group,all,196,0.139498,0.113248,0.123395,0.0723186,0.206677,0.0987617,0.0737039,0.0844773,0.0317358,0.165788,-0.759868,1.12395
targets,WR2,label,GRP_TE,group,all,193,0.179137,0.111111,0.160102,0.109954,0.248319,0.0694961,0.00473542,0.0553842,0.000760381,0.138232,-0.682775,1.18909
targets,WR2,label,GRP_WR,group,all,196,0.700488,0.625313,0.646287,0.58362,0.817357,0.557599,0.500261,0.509777,0.441773,0.673425,-0.7,2.5
targets,WR2,label,NEW,total,all,196,0.35304,0.176471,0.334171,0.292444,0.413637,0.164186,-0.0174901,0.153747,0.104293,0.224079,0,1.3875
targets,WR2,label,NEW_QB,new,all,28,0,0,0,0,0,-0.0029572,-0.00295808,-0.00288501,-0.00310544,-0.00280897,0,0
targets,WR2,label,NEW_RB,new,all,72,0.10331,0,0.104651,0.0668752,0.139744,-0.0107132,-0.102682,-0.00423903,-0.0471219,0.0256955,0,0.435714
targets,WR2,label,NEW_TE,new,all,57,0.262148,0.176471,0.259332,0.19141,0.332885,0.0454937,-0.0421719,0.0512135,-0.0257058,0.116693,0,0.885714
targets,WR2,label,NEW_WR,new,all,119,0.393405,0.2,0.370818,0.311529,0.475281,0.157134,-0.0509538,0.145756,0.0763358,0.237932,0,1.64416
targets,WR2,label,NOWHERE,leak,all,196,-0.0147562,3.5411e-16,0.0737018,-0.17766,0.148148,0.277848,0.292168,0.353244,0.117416,0.438281,-2.75134,2.0419
targets,WR2,label,OTHER_MISSING,leak,all,196,0.367853,0.263158,0.352317,0.322594,0.413113,-0.127317,-0.235438,-0.120747,-0.172119,-0.0825148,0,1.17262
targets,WR2,label,QB1,player,all,176,-0.00150996,0,-0.00093081,-0.00520743,0.00218751,-0.00167532,-0.000160519,-0.00108859,-0.00537321,0.00202257,-0.0597426,0
targets,WR2,label,QB2+,player,all,37,-0.00142248,0,-0.00147059,-0.0037623,0.000917354,-0.00310247,-0.00171999,-0.00306158,-0.0054383,-0.000766642,0,0
targets,WR2,label,RB1,player,all,194,0.0395523,3.97343e-17,0.0343565,-0.00884302,0.0879476,0.0774839,0.0428408,0.0705965,0.0290076,0.12596,-0.53898,0.702059
targets,WR2,label,RB2,player,all,165,0.0428694,0,0.0334225,-0.0029064,0.0886451,0.0170202,-0.0299279,0.00866589,-0.0286865,0.062727,-0.387302,0.698039
targets,WR2,label,RB3+,player,all,160,0.0787186,0,0.0743997,0.0436469,0.11379,0.0165953,-0.0627433,0.0150362,-0.018273,0.0514637,-0.222876,0.578968
targets,WR2,label,ROTATION,total,all,196,1.01476,1,0.926298,0.851852,1.17766,0.722152,0.707832,0.646756,0.561719,0.882584,-1.0419,3.75134
targets,WR2,label,TE1,player,all,176,0.031349,-0.0438095,0.0177515,-0.0316512,0.0943492,0.0360198,-0.0402402,0.0222172,-0.0270024,0.0990419,-0.700658,0.912587
targets,WR2,label,TE2+,player,all,196,0.148245,0.0930736,0.141111,0.113664,0.182825,0.0429874,0.00707927,0.0405044,0.00854966,0.0774252,-0.209524,0.7375
targets,WR2,label,TEAM_VOLUME,leak,all,196,-5.66096e-05,-0.0402576,-0.0918481,-0.170242,0.170129,0.0136545,-0.0306204,-0.0787492,-0.156656,0.183964,-2.18043,2.60045
targets,WR2,label,WR1,player,all,196,0.0377956,-0.0555556,0.00614182,-0.0395,0.115091,0.160563,0.0635264,0.123429,0.0824126,0.238714,-0.920769,1.30889
targets,WR2,label,WR3,player,all,169,0.230183,0.181818,0.211895,0.166445,0.293921,0.139667,0.0839923,0.125548,0.0763052,0.203029,-0.533333,1.09649
targets,WR2,label,WR4+,player,all,312,0.291624,0.195238,0.282007,0.251839,0.331409,0.150705,0.067591,0.147267,0.111236,0.190174,-0.241912,1.14605
targets,WR2,label,GRP_QB,group,fit,120,-0.00241146,0,-0.00178571,-0.00651701,0.00169408,-0.00285405,-0.000436872,-0.00220698,-0.0069613,0.00125321,-0.0625,0
targets,WR2,label,GRP_RB,group,fit,123,0.169536,0.0666667,0.154819,0.0811211,0.257951,0.129498,0.019251,0.116667,0.0412897,0.217706,-0.614286,1.32857
targets,WR2,label,GRP_TE,group,fit,120,0.216484,0.138095,0.193304,0.130425,0.302543,0.108786,0.0452969,0.090727,0.0234928,0.194079,-0.648797,1.18273
targets,WR2,label,GRP_WR,group,fit,123,0.764919,0.666667,0.709987,0.614798,0.915039,0.624477,0.557893,0.576163,0.475661,0.773292,-0.65,2.53294
targets,WR2,label,NEW,total,fit,123,0.325435,0.166667,0.302224,0.256599,0.39427,0.139814,-0.0174901,0.12535,0.072452,0.207177,0,1.19667
targets,WR2,label,NEW_QB,new,fit,21,0,0,0,0,0,-0.00303567,-0.0030426,-0.00296778,-0.00320379,-0.00286755,0,0
targets,WR2,label,NEW_RB,new,fit,47,0.113165,0,0.105634,0.0691037,0.157227,-0.000221529,-0.0929024,-0.00198899,-0.0427619,0.0423188,0,0.4125
targets,WR2,label,NEW_TE,new,fit,33,0.256674,0.176471,0.252475,0.158658,0.35469,0.0461407,-0.0421719,0.0500685,-0.0519685,0.14425,0,0.822857
targets,WR2,label,NEW_WR,new,fit,76,0.345256,0.1875,0.321429,0.259993,0.430518,0.112023,-0.0522276,0.100484,0.0288101,0.195236,0,1.23897
targets,WR2,label,NOWHERE,leak,fit,123,-0.143306,-0.111111,-0.0518971,-0.348849,0.0622369,0.144287,0.140584,0.222145,-0.0578632,0.346437,-2.9375,1.98333
targets,WR2,label,OTHER_MISSING,leak,fit,123,0.377634,0.263158,0.36328,0.318774,0.436494,-0.109056,-0.22582,-0.100478,-0.167727,-0.0503838,0,1.1881
targets,WR2,label,QB1,player,fit,111,-0.00213283,0,-0.00144578,-0.00650798,0.00224233,-0.00229523,-0.000160519,-0.00160035,-0.0066711,0.00208063,-0.0625,0
targets,WR2,label,QB2+,player,fit,18,-0.00292398,0,-0.00291545,-0.00773363,0.00188567,-0.00453903,-0.00154321,-0.0044499,-0.00934393,0.000265862,-0.00789474,0
targets,WR2,label,RB1,player,fit,121,0.0537777,0.04,0.0499558,-0.0091798,0.116735,0.0910108,0.0665336,0.0854395,0.0279385,0.154083,-0.5,0.84
targets,WR2,label,RB2,player,fit,101,0.0761209,0,0.0618007,0.0134846,0.138757,0.0508879,-0.0236273,0.0376447,-0.0115984,0.113374,-0.375,0.722222
targets,WR2,label,RB3+,player,fit,113,0.0589168,0,0.0595745,0.0154839,0.10235,-0.00259284,-0.0685695,0.000958076,-0.0459719,0.0407862,-0.24812,0.739216
targets,WR2,label,ROTATION,total,fit,123,1.14331,1.11111,1.0519,0.937763,1.34885,0.855713,0.859416,0.777855,0.653563,1.05786,-0.983333,3.9375
targets,WR2,label,TE1,player,fit,109,0.039655,-0.037037,0.0261212,-0.0396238,0.118934,0.0442425,-0.0340195,0.0304981,-0.0350659,0.123551,-0.667669,0.870455
targets,WR2,label,TE2+,player,fit,122,0.177506,0.111111,0.16696,0.134096,0.220916,0.073656,0.00845123,0.0679081,0.0307021,0.11661,-0.181423,0.748214
targets,WR2,label,TEAM_VOLUME,leak,fit,123,0.0911068,0.0909091,-0.00915831,-0.13213,0.314344,0.104583,0.10179,0.00368294,-0.11883,0.327996,-2.15064,2.80184
targets,WR2,label,WR1,player,fit,123,0.0400616,-0.0625,0.0139555,-0.0605387,0.140662,0.160727,0.0544512,0.128935,0.0592453,0.262208,-0.906947,1.35268
targets,WR2,label,WR3,player,fit,105,0.24508,0.222222,0.224974,0.163099,0.327061,0.155514,0.134882,0.139797,0.0740071,0.237021,-0.552381,1.26802
targets,WR2,label,WR4+,player,fit,195,0.325251,0.214286,0.313429,0.270942,0.37956,0.186571,0.0743501,0.181023,0.132769,0.240373,-0.253261,1.20535
targets,WR2,label,GRP_QB,group,test,72,-0.000402908,0,2.61639e-19,-0.00645173,0.00564592,-0.000865909,-0.00046257,-0.000444765,-0.00691575,0.00518393,-0.0511905,0
targets,WR2,label,GRP_RB,group,test,73,0.0888855,0.133333,0.0674942,-0.0128287,0.1906,0.0469739,0.0880294,0.0272148,-0.0544826,0.14843,-0.9625,0.932143
targets,WR2,label,GRP_TE,group,test,73,0.117743,3.02788e-17,0.102405,0.0020076,0.233478,0.00490996,-0.0870347,-0.00603387,-0.110382,0.120202,-0.739938,1.21905
targets,WR2,label,GRP_WR,group,test,73,0.591928,0.47619,0.532971,0.406802,0.777053,0.444915,0.357391,0.391684,0.261702,0.628128,-0.637647,2.05658
targets,WR2,label,NEW,total,test,73,0.399555,0.176471,0.391001,0.285345,0.513764,0.20525,-0.015649,0.204263,0.0911061,0.319394,0,1.77857
targets,WR2,label,NEW_QB,new,test,7,0,0,0,0,0,-0.0027218,-0.00258621,-0.00266227,-0.00300389,-0.0024397,0,0
targets,WR2,label,NEW_RB,new,test,25,0.0847809,0,0.10274,0.0195497,0.150012,-0.0304376,-0.108386,-0.00861583,-0.0990376,0.0381625,0,0.422222
targets,WR2,label,NEW_TE,new,test,24,0.269674,0.195378,0.269417,0.166986,0.372361,0.044604,-0.0421719,0.0528977,-0.0598,0.149008,0,0.975
targets,WR2,label,NEW_WR,new,test,43,0.478507,0.214286,0.462766,0.309842,0.647172,0.236864,-0.0509538,0.230038,0.0687475,0.404981,0,1.9875
targets,WR2,label,NOWHERE,leak,test,73,0.201842,0.285714,0.29713,-0.0618736,0.465557,0.50289,0.631798,0.586455,0.243158,0.762623,-2.09083,2.38954
targets,WR2,label,OTHER_MISSING,leak,test,73,0.351374,0.269231,0.332816,0.280747,0.422001,-0.158086,-0.243033,-0.156804,-0.226726,-0.0894473,0,1.01739
targets,WR2,label,QB1,player,test,65,-0.000446299,0,5.80256e-19,-0.00715156,0.00625897,-0.000616703,-0.000169961,-0.000163595,-0.00732237,0.00608897,-0.0539683,0
targets,WR2,label,QB2+,player,test,19,0,0,0,0,0,-0.00174152,-0.00171999,-0.00164853,-0.00188637,-0.00159667,0,0
targets,WR2,label,RB1,player,test,73,0.0159732,3.50597e-17,0.00698216,-0.0595324,0.0914789,0.0550625,0.0414588,0.0445492,-0.0205696,0.130695,-0.653251,0.58
targets,WR2,label,RB2,player,test,64,-0.00960581,0,-0.0143498,-0.073183,0.0539714,-0.0364272,-0.0332989,-0.0401173,-0.0999841,0.0271297,-0.414167,0.4375
targets,WR2,label,RB3+,player,test,47,0.126327,1.58603e-17,0.111639,0.0693888,0.183265,0.0627286,-0.0498687,0.0503987,0.00692961,0.118528,-0.132464,0.5
targets,WR2,label,ROTATION,total,test,73,0.798158,0.714286,0.70287,0.534443,1.06187,0.49711,0.368202,0.413545,0.237377,0.756842,-1.38954,3.09083
targets,WR2,label,TE1,player,test,67,0.0178363,-0.0769231,0.00338409,-0.0865713,0.122244,0.0226426,-0.0706559,0.00800229,-0.0817987,0.127084,-0.740557,0.903297
targets,WR2,label,TE2+,player,test,74,0.100003,0.0590278,0.0966767,0.0436782,0.156327,-0.00757436,-0.0437397,-0.00660345,-0.0641136,0.0489649,-0.257703,0.632982
targets,WR2,label,TEAM_VOLUME,leak,test,73,-0.153661,-0.125,-0.238945,-0.412347,0.105025,-0.139554,-0.110038,-0.225388,-0.398416,0.119308,-2.04154,2.31594
targets,WR2,label,WR1,player,test,73,0.0339774,0,-0.00775795,-0.0866482,0.154603,0.160288,0.0893115,0.113634,0.0377742,0.282802,-0.909231,0.966667
targets,WR2,label,WR3,player,test,64,0.205743,0.138095,0.18964,0.103943,0.307544,0.113668,0.0295434,0.101303,0.0125187,0.214818,-0.47322,1.07083
targets,WR2,label,WR4+,player,test,117,0.235579,0.166667,0.227101,0.181009,0.29015,0.0909281,0.0256317,0.088281,0.0367465,0.14511,-0.176812,0.942857
targets,WR3,label,GRP_QB,group,all,38,-0.00528903,0,-0.00475436,-0.0102378,-0.000340259,-0.00578382,-0.000524246,-0.00522792,-0.0107362,-0.000831477,-0.0554511,0
targets,WR3,label,GRP_RB,group,all,39,0.0679691,4.7581e-17,0.064915,-0.0725843,0.208522,0.0232257,-0.0374334,0.022043,-0.11717,0.163621,-0.68,1.11292
targets,WR3,label,GRP_TE,group,all,38,0.325176,0.216374,0.280899,0.163802,0.486549,0.203649,0.112798,0.164108,0.044933,0.362365,-0.458547,1.59226
targets,WR3,label,GRP_WR,group,all,39,0.423559,0.5,0.465224,0.151137,0.695981,0.266614,0.37526,0.314843,-0.00709079,0.540318,-0.943407,1.94327
targets,WR3,label,NEW,total,all,39,0.416478,0.214286,0.421947,0.288704,0.544252,0.209045,-0.015649,0.22319,0.0804099,0.33768,0,1.24667
targets,WR3,label,NEW_QB,new,all,4,0.204545,0,0.140625,-0.131911,0.541002,0.201112,-0.00279193,0.137392,-0.13465,0.536873,0,0.695455
targets,WR3,label,NEW_RB,new,all,7,0.303276,0.2,0.314516,0.0583969,0.548155,0.18621,0.0699367,0.204382,-0.0601972,0.432618,0,0.910714
targets,WR3,label,NEW_TE,new,all,7,0.302438,0.157895,0.268293,0.0604248,0.54445,0.0844133,-0.0341392,0.0567605,-0.142219,0.311046,0.0428571,0.913575
targets,WR3,label,NEW_WR,new,all,27,0.41424,0.272727,0.416486,0.277291,0.551188,0.167112,0.0877259,0.178111,0.0285991,0.305624,0,1.16143
targets,WR3,label,NOWHERE,leak,all,39,0.196787,0.526316,0.204019,-0.18722,0.580794,0.518177,0.795198,0.511966,0.135653,0.9007,-1.88052,1.94372
targets,WR3,label,OTHER_MISSING,leak,all,39,0.365977,0.285714,0.374034,0.276442,0.455511,-0.177906,-0.297131,-0.147101,-0.273416,-0.0823966,0,0.960965
targets,WR3,label,QB1,player,all,35,-0.00574238,0,-0.00517241,-0.0111023,-0.000382481,-0.00592488,-0.000192623,-0.00534677,-0.0112861,-0.00056363,-0.0582707,0
targets,WR3,label,QB2+,player,all,6,0,0,0,0,0,-0.00171506,-0.00162946,-0.0015949,-0.00204476,-0.00138537,0,0
targets,WR3,label,RB1,player,all,39,-0.0155298,-0.0666667,-0.0231839,-0.117936,0.0868765,0.0262006,-0.0224439,0.0168011,-0.0765527,0.128954,-0.535,0.775
targets,WR3,label,RB2,player,all,36,0.056778,0.0465368,0.0560272,-0.0278108,0.141367,0.0281195,0.0256455,0.028589,-0.0564206,0.112659,-0.377404,0.494361
targets,WR3,label,RB3+,player,all,30,0.040415,0,0.0483871,-0.0194324,0.100262,-0.0279665,-0.0783652,-0.0179705,-0.0887605,0.0328275,-0.242857,0.318333
targets,WR3,label,ROTATION,total,all,39,0.803213,0.473684,0.795981,0.419206,1.18722,0.481823,0.204802,0.488034,0.0992999,0.864347,-0.943725,2.88052
targets,WR3,label,TE1,player,all,36,0.0927569,0.15,0.0730051,-0.0326182,0.218132,0.0979404,0.154979,0.0779848,-0.0275127,0.223393,-0.756303,0.779167
targets,WR3,label,TE2+,player,all,39,0.231216,0.181818,0.214984,0.134364,0.328068,0.109402,0.0576061,0.0976104,0.0138662,0.204937,-0.144361,0.878571
targets,WR3,label,TEAM_VOLUME,leak,all,39,-0.146285,-0.315789,-0.156105,-0.575462,0.282892,-0.131225,-0.30319,-0.141675,-0.560482,0.298031,-2.22517,2.91818
targets,WR3,label,WR1,player,all,39,-0.0170539,0,0.0108192,-0.172243,0.138135,0.117791,0.112815,0.140024,-0.0365761,0.272158,-0.935714,0.94
targets,WR3,label,WR2,player,all,39,-0.00590211,0.0357143,-0.00772798,-0.133374,0.12157,-0.0249795,0.0248839,-0.0260075,-0.152446,0.102487,-0.727473,0.689123
targets,WR3,label,WR4+,player,all,54,0.322483,0.205263,0.340159,0.214925,0.430041,0.162286,0.0349643,0.185777,0.0534959,0.271076,-0.254605,1.3207
targets,WR3,label,GRP_QB,group,fit,24,-0.00539811,0,-0.00487805,-0.0116554,0.000859176,-0.00587995,-0.000507864,-0.00533836,-0.0121419,0.000382046,-0.0447368,0
targets,WR3,label,GRP_RB,group,fit,25,0.174916,1.05179e-16,0.152582,-0.00377843,0.353611,0.131302,-0.0254013,0.110843,-0.0466361,0.309239,-0.413636,1.16651
targets,WR3,label,GRP_TE,group,fit,25,0.312182,4.16334e-17,0.274648,0.0955814,0.528783,0.194764,-0.0957381,0.162279,-0.0191672,0.408695,-0.485315,1.56044
targets,WR3,label,GRP_WR,group,fit,25,0.673422,0.666667,0.669014,0.382969,0.963875,0.520435,0.500347,0.522606,0.230778,0.810091,-0.485714,1.88513
targets,WR3,label,NEW,total,fit,25,0.39506,0.214286,0.394366,0.232296,0.557823,0.192858,-0.0185832,0.200861,0.0301522,0.355564,0,1.5641
targets,WR3,label,NEW_QB,new,fit,3,0.272727,0,0.183673,-0.175882,0.721336,0.269299,-0.0023511,0.180507,-0.178263,0.71686,0,0.736364
targets,WR3,label,NEW_RB,new,fit,5,0.424586,0.315789,0.40625,0.122779,0.726394,0.316722,0.213108,0.304638,0.0215065,0.611937,0.04,0.964286
targets,WR3,label,NEW_TE,new,fit,4,0.401557,0.154762,0.328767,-0.0110268,0.81414,0.189955,-0.0341392,0.1251,-0.181784,0.561695,0.142857,1.00577
targets,WR3,label,NEW_WR,new,fit,19,0.280482,0.1875,0.290909,0.137146,0.423817,0.0395443,-0.0713353,0.056574,-0.10783,0.186919,0,0.75
targets,WR3,label,NOWHERE,leak,fit,25,-0.155339,-0.157895,-0.0915493,-0.634647,0.32397,0.157945,0.131798,0.208261,-0.315148,0.631038,-2.04416,1.50444
targets,WR3,label,OTHER_MISSING,leak,fit,25,0.325594,0.277778,0.349765,0.231705,0.419483,-0.204571,-0.331821,-0.157599,-0.318033,-0.0911094,0,0.75
targets,WR3,label,QB1,player,fit,22,-0.00588885,0,-0.00531915,-0.0127012,0.00092354,-0.00606604,-0.000186603,-0.00548821,-0.0128803,0.00074821,-0.05,0
targets,WR3,label,QB2+,player,fit,4,0,0,0,0,0,-0.00153344,-0.00150046,-0.00144394,-0.00188641,-0.00118047,0,0
targets,WR3,label,RB1,player,fit,25,0.00524473,0,-0.0187793,-0.107624,0.118113,0.0459226,0.0349127,0.0201491,-0.0681433,0.159989,-0.499394,0.51498
targets,WR3,label,RB2,player,fit,22,0.130826,0.0741758,0.127717,0.0166011,0.245051,0.102711,0.0408769,0.10088,-0.0113486,0.216771,-0.207692,0.699624
targets,WR3,label,RB3+,player,fit,21,0.0649343,0,0.0751445,-0.0114707,0.141339,-0.00344504,-0.0609507,0.00855678,-0.0812161,0.074326,-0.190476,0.333333
targets,WR3,label,ROTATION,total,fit,25,1.15534,1.15789,1.09155,0.67603,1.63465,0.842055,0.868202,0.791739,0.368962,1.31515,-0.504444,3.04416
targets,WR3,label,TE1,player,fit,24,0.100721,0.0833333,0.0935961,-0.0567803,0.258222,0.105756,0.0883123,0.0984122,-0.0517904,0.263301,-0.662406,0.849167
targets,WR3,label,TE2+,player,fit,22,0.244875,0.198052,0.219444,0.0939593,0.395791,0.126578,0.0685787,0.106519,-0.0218965,0.275053,-0.157143,1.24066
targets,WR3,label,TEAM_VOLUME,leak,fit,25,0.224805,0,0.13615,-0.32981,0.77942,0.239485,0.0113995,0.150199,-0.315483,0.794452,-2.01583,2.98182
targets,WR3,label,WR1,player,fit,25,0.00771212,0,0.0187793,-0.192943,0.208367,0.139156,0.112815,0.14457,-0.0618031,0.340115,-0.914286,0.915897
targets,WR3,label,WR2,player,fit,25,0.116311,0.2,0.100939,-0.050328,0.28295,0.0977148,0.179783,0.0831425,-0.0687361,0.264166,-0.784615,0.723509
targets,WR3,label,WR4+,player,fit,34,0.40397,0.303846,0.418605,0.267453,0.540487,0.244741,0.144367,0.265757,0.106704,0.382778,-0.125,1.43522
targets,WR3,label,GRP_QB,group,test,14,-0.00510204,0,-0.00452489,-0.0134944,0.00329031,-0.00561902,-0.000542969,-0.00502304,-0.0140171,0.00277909,-0.025,0
targets,WR3,label,GRP_RB,group,test,14,-0.123008,-0.0690476,-0.104072,-0.332179,0.0861624,-0.169767,-0.118157,-0.149128,-0.379602,0.0400681,-0.896923,0.630556
targets,WR3,label,GRP_TE,group,test,13,0.350164,0.266667,0.294416,0.117684,0.582644,0.220736,0.139016,0.168061,-0.00490753,0.446379,-0.237778,1.10476
targets,WR3,label,GRP_WR,group,test,14,-0.0226244,-0.391667,0.0723982,-0.534049,0.4888,-0.186639,-0.523336,-0.0856428,-0.703084,0.329807,-1.325,1.82708
targets,WR3,label,NEW,total,test,14,0.454726,0.266447,0.475113,0.242284,0.667168,0.23795,0.110981,0.266232,0.0207078,0.455193,0,1.11643
targets,WR3,label,NEW_QB,new,test,1,0,0,0,,,-0.00344828,-0.00344828,-0.00344828,,,0,0
targets,WR3,label,NEW_RB,new,test,2,0,0,0,0,0,-0.140068,-0.140068,-0.139354,-0.156525,-0.123611,0,0
targets,WR3,label,NEW_TE,new,test,3,0.170279,0.157895,0.18,0.00237823,0.338179,-0.0563096,-0.0377328,-0.0430154,-0.246762,0.134143,0.0157895,0.333437
targets,WR3,label,NEW_WR,new,test,8,0.731916,0.878205,0.732824,0.499101,0.964731,0.470084,0.608609,0.484273,0.230408,0.70976,0.13125,1.155
targets,WR3,label,NOWHERE,leak,test,14,0.825583,1.19048,0.773756,0.264324,1.38684,1.16145,1.51484,1.09739,0.596393,1.7265,-1.25208,2.575
targets,WR3,label,OTHER_MISSING,leak,test,14,0.438089,0.435673,0.420814,0.252274,0.623905,-0.130289,-0.056957,-0.126864,-0.306649,0.0460709,0,1.10801
targets,WR3,label,QB1,player,test,13,-0.00549451,0,-0.00490196,-0.0145324,0.00354341,-0.005686,-0.000206381,-0.00508609,-0.014726,0.00335397,-0.0285714,0
targets,WR3,label,QB2+,player,test,2,0,0,0,0,0,-0.00207832,-0.00207832,-0.00201654,-0.00266773,-0.0014889,0,0
targets,WR3,label,RB1,player,test,14,-0.0526271,-0.178571,-0.0316742,-0.259871,0.154617,-0.00901721,-0.13119,0.0103474,-0.215604,0.197569,-0.54819,0.856944
targets,WR3,label,RB2,player,test,14,-0.0595832,-0.113095,-0.0633484,-0.168234,0.0490672,-0.0890964,-0.147833,-0.0917867,-0.197611,0.0194183,-0.405556,0.344118
targets,WR3,label,RB3+,player,test,9,-0.0167969,0,-0.0133333,-0.104227,0.0706334,-0.0851832,-0.0783652,-0.0791601,-0.173474,0.00310756,-0.263158,0.17451
targets,WR3,label,ROTATION,total,test,14,0.174417,-0.190476,0.226244,-0.386841,0.735676,-0.161447,-0.514842,-0.097388,-0.726502,0.403607,-1.575,2.25208
targets,WR3,label,TE1,player,test,12,0.0768289,0.17193,0.0273224,-0.138145,0.291803,0.08231,0.17679,0.0326649,-0.132969,0.297589,-0.644559,0.633654
targets,WR3,label,TE2+,player,test,17,0.21354,0.15,0.208661,0.102499,0.324582,0.0871728,0.0576061,0.0849845,-0.0229948,0.19734,-0.115556,0.82549
targets,WR3,label,TEAM_VOLUME,leak,test,14,-0.808946,-0.723077,-0.719457,-1.3948,-0.223093,-0.793208,-0.70589,-0.704292,-1.37868,-0.207734,-3,0.994608
targets,WR3,label,WR1,player,test,14,-0.0612789,-0.034188,-0.00452489,-0.31176,0.189202,0.0796391,0.126421,0.131261,-0.166184,0.325463,-0.907143,0.635417
targets,WR3,label,WR2,player,test,14,-0.22414,-0.212406,-0.217195,-0.383218,-0.065062,-0.244076,-0.231217,-0.236405,-0.403384,-0.0847684,-0.7,0.253529
targets,WR3,label,WR4+,player,test,20,0.183956,0.0357143,0.203125,0.0173352,0.350577,0.0221129,-0.116861,0.0460626,-0.146513,0.190738,-0.271429,1.21125
targets,RB,position,GRP_QB,group,all,48,0,0,0,0,0,-0.00046975,-0.000449721,-0.000444591,-0.000497171,-0.00044233,0,0
targets,RB,position,GRP_RB,group,all,49,0.481064,0.428571,0.460648,0.355959,0.606169,0.438476,0.377769,0.420312,0.313842,0.563111,-0.346667,1.31447
targets,RB,position,GRP_TE,group,all,49,0.288992,0.105263,0.267671,0.157055,0.420929,0.174255,0.00448618,0.158953,0.0432232,0.305287,-0.382493,1.39385
targets,RB,position,GRP_WR,group,all,50,0.566355,0.540936,0.507345,0.33395,0.79876,0.417584,0.421537,0.366396,0.187085,0.648082,-1.02833,2.16923
targets,RB,position,NEW,total,all,50,0.257131,0.146429,0.250847,0.17747,0.336792,0.0605018,-0.0263024,0.0645575,-0.0187566,0.13976,0,0.947368
targets,RB,position,NEW_QB,new,all,5,0,0,0,0,0,-0.00312315,-0.00246305,-0.00281109,-0.00404547,-0.00220084,0,0
targets,RB,position,NEW_RB,new,all,28,0.228962,0.13961,0.212237,0.139615,0.318309,0.118644,0.0488195,0.107789,0.0308879,0.206401,0,0.849845
targets,RB,position,NEW_TE,new,all,16,0.139703,0.153947,0.131868,0.0891664,0.19024,-0.0927706,-0.0634201,-0.0859735,-0.140215,-0.0453259,0,0.3
targets,RB,position,NEW_WR,new,all,20,0.210518,0.0625,0.218023,0.0943434,0.326693,-0.0429893,-0.125985,-0.0186064,-0.164079,0.0781002,0,0.94517
targets,RB,position,NOWHERE,leak,all,50,-0.32101,-0.333333,-0.218079,-0.606477,-0.0355422,-0.0163594,-0.0545335,0.0705518,-0.295923,0.263204,-2.25037,2.01289
targets,RB,position,OTHER_MISSING,leak,all,50,0.436303,0.333333,0.437288,0.342724,0.529882,-0.0792517,-0.165991,-0.0511576,-0.178403,0.0198998,0,1.25188
targets,RB,position,QB1,player,all,45,0,0,0,0,0,-0.000172261,-0.000160519,-0.00016396,-0.000182334,-0.000162187,0,0
targets,RB,position,QB2+,player,all,11,0,0,0,0,0,-0.00192848,-0.00194932,-0.001777,-0.00220114,-0.00165581,0,0
targets,RB,position,RB1,player,all,11,-0.00268233,-0.0909091,-0.0167598,-0.172541,0.167176,0.0400761,-0.0607572,0.0240042,-0.131138,0.21129,-0.410526,0.5
targets,RB,position,RB2,player,all,34,0.308509,0.240385,0.297872,0.17951,0.437508,0.282241,0.20909,0.272892,0.153327,0.411154,-0.193333,1.00219
targets,RB,position,RB3+,player,all,56,0.234149,0.160256,0.229079,0.162784,0.305513,0.165684,0.0883918,0.164814,0.0946412,0.236726,-0.117409,1
targets,RB,position,ROTATION,total,all,50,1.32101,1.33333,1.21808,1.03554,1.60648,1.01636,1.05453,0.929448,0.736796,1.29592,-1.01289,3.25037
targets,RB,position,TE1,player,all,45,0.168556,0.0588235,0.157107,0.0536773,0.283435,0.173365,0.0636161,0.161679,0.0584546,0.288275,-0.366667,0.934615
targets,RB,position,TE2+,player,all,52,0.126453,0.077381,0.111111,0.0567565,0.19615,0.0186905,-0.0377021,0.00942894,-0.0499495,0.0873304,-0.1545,0.532143
targets,RB,position,TEAM_VOLUME,leak,all,50,0.141837,-0.0916667,0.0316384,-0.171318,0.454993,0.156113,-0.0806946,0.0451633,-0.157347,0.469573,-1.90631,2.52187
targets,RB,position,WR1,player,all,49,0.0143075,-0.0526316,-0.0174216,-0.150864,0.179479,0.142915,0.0762317,0.104565,-0.0243629,0.310193,-0.88,1.17714
targets,RB,position,WR2,player,all,45,0.0671536,0.0833333,0.0783055,-0.0624156,0.196723,0.0487106,0.0696748,0.0607878,-0.0809997,0.178421,-0.7,1.04211
targets,RB,position,WR3,player,all,41,0.31088,0.25,0.256588,0.174173,0.447587,0.216038,0.142816,0.167188,0.0816773,0.350399,-0.391304,1.25
targets,RB,position,WR4+,player,all,70,0.169267,0.10728,0.169914,0.0994992,0.239035,0.0247172,-0.0264642,0.032806,-0.0460593,0.0954937,-0.293571,0.867794
targets,RB,position,GRP_QB,group,fit,38,0,0,0,0,0,-0.000459731,-0.000436872,-0.000438153,-0.000488415,-0.000431047,0,0
targets,RB,position,GRP_RB,group,fit,39,0.492618,0.4,0.480631,0.355453,0.629783,0.450888,0.364438,0.440835,0.313918,0.587857,-0.21614,1.31283
targets,RB,position,GRP_TE,group,fit,39,0.26906,0.0666667,0.262931,0.11983,0.41829,0.156609,-0.0481454,0.155638,0.00749675,0.305721,-0.392308,1.40286
targets,RB,position,GRP_WR,group,fit,40,0.519444,0.611111,0.455432,0.263603,0.775286,0.373757,0.494418,0.316446,0.120367,0.627148,-1.14509,2.01538
targets,RB,position,NEW,total,fit,40,0.26683,0.142857,0.263231,0.170498,0.363163,0.0742777,-0.0263024,0.0795358,-0.0217676,0.170323,0,0.95625
targets,RB,position,NEW_QB,new,fit,5,0,0,0,0,0,-0.00312315,-0.00246305,-0.00281109,-0.00404547,-0.00220084,0,0
targets,RB,position,NEW_RB,new,fit,21,0.24179,0.125,0.2267,0.126185,0.357395,0.133304,0.0437104,0.123501,0.0193329,0.247275,0,0.882353
targets,RB,position,NEW_TE,new,fit,13,0.125789,0.15,0.118421,0.0742549,0.177323,-0.0983843,-0.0551479,-0.0935088,-0.146226,-0.0505429,0,0.283636
targets,RB,position,NEW_WR,new,fit,14,0.282883,0.171429,0.27907,0.1287,0.437067,0.047426,-0.0611446,0.0582154,-0.107982,0.202834,0,0.991193
targets,RB,position,NOWHERE,leak,fit,40,-0.26208,-0.30303,-0.17688,-0.585952,0.0617918,0.0362541,-0.0545335,0.107731,-0.282696,0.355204,-2.1364,2.11667
targets,RB,position,OTHER_MISSING,leak,fit,40,0.430545,0.311265,0.437326,0.321613,0.539476,-0.0743219,-0.161669,-0.0443169,-0.190751,0.0421071,0,1.23935
targets,RB,position,QB1,player,fit,36,0,0,0,0,0,-0.000166263,-0.000156295,-0.000158803,-0.000176804,-0.000155723,0,0
targets,RB,position,QB2+,player,fit,6,0,0,0,0,0,-0.00186251,-0.00174413,-0.00179019,-0.00214044,-0.00158457,0,0
targets,RB,position,RB1,player,fit,10,0.0370494,-0.0704545,0.0182927,-0.13628,0.210379,0.0796614,-0.0387951,0.0587403,-0.0953998,0.254723,-0.344079,0.51
targets,RB,position,RB2,player,fit,27,0.354947,0.259259,0.339506,0.205474,0.50442,0.329003,0.239531,0.314566,0.179764,0.478243,-0.145192,1.17105
targets,RB,position,RB3+,player,fit,43,0.215303,0.136364,0.220317,0.139748,0.290858,0.149929,0.0761155,0.158079,0.0739694,0.225888,-0.100987,0.913501
targets,RB,position,ROTATION,total,fit,40,1.26208,1.30303,1.17688,0.938208,1.58595,0.963746,1.05453,0.892269,0.644796,1.2827,-1.11667,3.1364
targets,RB,position,TE1,player,fit,37,0.163472,0.0666667,0.157815,0.0377986,0.289145,0.168276,0.0720982,0.162389,0.0425818,0.293969,-0.376923,0.95
targets,RB,position,TE2+,player,fit,39,0.113971,0.0555556,0.110028,0.0357669,0.192175,0.0094715,-0.0368643,0.00965566,-0.0687506,0.0876936,-0.163048,0.480672
targets,RB,position,TEAM_VOLUME,leak,fit,40,0.098366,-0.108824,0.00278552,-0.260399,0.457131,0.112346,-0.0957979,0.016122,-0.246697,0.471388,-1.96876,2.44517
targets,RB,position,WR1,player,fit,39,-0.0470955,-0.105263,-0.0792507,-0.24047,0.146279,0.0789955,0.0102483,0.041204,-0.116505,0.274496,-1.04118,1.15165
targets,RB,position,WR2,player,fit,36,0.0723692,0.0851449,0.0780031,-0.0649302,0.209669,0.0544648,0.0722347,0.0609718,-0.082946,0.191876,-0.715714,1.01316
targets,RB,position,WR3,player,fit,33,0.352372,0.307692,0.302048,0.19638,0.508363,0.259325,0.186759,0.213515,0.105893,0.412757,-0.426783,1.26765
targets,RB,position,WR4+,player,fit,58,0.144499,0.0952381,0.14459,0.0686107,0.220387,0.00222889,-0.0343525,0.00862511,-0.0745651,0.0790229,-0.287857,0.883333
targets,RB,position,GRP_QB,group,test,10,0,0,0,0,0,-0.000507822,-0.000493408,-0.00047088,-0.000581601,-0.000434043,0,0
targets,RB,position,GRP_RB,group,test,10,0.436002,0.455665,0.377246,0.122245,0.74976,0.390072,0.418001,0.334657,0.080009,0.700135,-0.424444,1.24
targets,RB,position,GRP_TE,group,test,10,0.366728,0.360294,0.287425,0.0736006,0.659856,0.243077,0.256109,0.172769,-0.0411386,0.527292,-0.358621,1.0175
targets,RB,position,GRP_WR,group,test,10,0.753997,0.15213,0.730539,0.186064,1.32193,0.592889,0.03574,0.58115,0.0255758,1.1602,-0.233929,2.47667
targets,RB,position,NEW,total,test,10,0.218333,0.25,0.197605,0.111884,0.324782,0.00539805,-0.0247776,0.000159782,-0.094456,0.105252,0,0.4775
targets,RB,position,NEW_RB,new,test,7,0.190476,0.2,0.166667,0.0947838,0.286169,0.0746655,0.0699367,0.0582806,-0.0123091,0.16164,0,0.38
targets,RB,position,NEW_TE,new,test,3,0.2,0.3,0.2,0.03551,0.36449,-0.0684444,-0.0716923,-0.0477949,-0.240334,0.103445,0.03,0.3
targets,RB,position,NEW_WR,new,test,6,0.0416667,0,0.0348837,-0.0268708,0.110204,-0.253958,-0.255374,-0.249072,-0.323239,-0.184678,0,0.1875
targets,RB,position,NOWHERE,leak,test,10,-0.556728,-0.490196,-0.39521,-1.17265,0.059193,-0.226814,-0.127073,-0.0892954,-0.816414,0.362786,-2.345,0.776601
targets,RB,position,OTHER_MISSING,leak,test,10,0.459338,0.376471,0.437126,0.279038,0.639638,-0.0989709,-0.165991,-0.0805682,-0.279277,0.081335,0.136438,1.00333
targets,RB,position,QB1,player,test,9,0,0,0,0,0,-0.00019625,-0.000192623,-0.000188435,-0.000220803,-0.000171696,0,0
targets,RB,position,QB2+,player,test,5,0,0,0,0,0,-0.00200764,-0.00194932,-0.00176143,-0.00254174,-0.00147354,0,0
targets,RB,position,RB1,player,test,1,-0.4,-0.4,-0.4,,,-0.355777,-0.355777,-0.355777,,,-0.4,-0.4
targets,RB,position,RB2,player,test,7,0.12939,0.0588235,0.136,-0.100595,0.359375,0.10187,0.0324165,0.110861,-0.128811,0.332551,-0.341111,0.622689
targets,RB,position,RB3+,player,test,13,0.296484,0.25,0.262626,0.113935,0.479033,0.217797,0.158574,0.190594,0.0387638,0.396831,-0.115294,1.08
targets,RB,position,ROTATION,total,test,10,1.55673,1.4902,1.39521,0.940807,2.17265,1.22681,1.12707,1.0893,0.637214,1.81641,0.223399,3.345
targets,RB,position,TE1,player,test,8,0.192072,-0.0205882,0.153846,-0.109075,0.493219,0.196903,-0.0161551,0.158404,-0.104461,0.498267,-0.333333,0.865196
targets,RB,position,TE2+,player,test,13,0.1639,0.0833333,0.114537,0.00879503,0.319005,0.0463474,-0.0605627,0.00871184,-0.101087,0.193782,-0.142759,0.74
targets,RB,position,TEAM_VOLUME,leak,test,10,0.315723,0.305882,0.155689,-0.337886,0.969332,0.331182,0.320903,0.170023,-0.323639,0.986004,-1.23473,2.18
targets,RB,position,WR1,player,test,10,0.253779,0.135632,0.239521,-0.0210791,0.528637,0.392201,0.269094,0.367873,0.112154,0.672247,-0.415714,1.11
targets,RB,position,WR2,player,test,9,0.0462911,-0.176471,0.0797101,-0.316471,0.409053,0.0256936,-0.194309,0.0599328,-0.33766,0.389048,-0.619048,1.14
targets,RB,position,WR3,player,test,8,0.139726,0.0509804,0.0592593,-0.133021,0.412472,0.0374803,-0.0595764,-0.033904,-0.226063,0.301024,-0.271724,0.847857
targets,RB,position,WR4+,player,test,12,0.28898,0.235632,0.298578,0.116885,0.461075,0.133411,0.108538,0.155659,-0.045718,0.31254,-0.215714,0.810278
targets,TE,position,GRP_QB,group,all,112,9.01176e-05,0,0.000492611,-0.0021285,0.00230873,-0.000368763,-0.000449721,5.87518e-05,-0.00258927,0.00185175,0,0
targets,TE,position,GRP_RB,group,all,114,0.167595,0.130682,0.148688,0.0893924,0.245797,0.125928,0.0863012,0.10929,0.047942,0.203914,-0.656667,1.035
targets,TE,position,GRP_TE,group,all,103,0.390812,0.3,0.382118,0.308938,0.472686,0.279555,0.203409,0.277158,0.197859,0.361251,-0.234842,1.33506
targets,TE,position,GRP_WR,group,all,114,0.620177,0.483333,0.571914,0.470719,0.769636,0.474023,0.313823,0.433719,0.32607,0.621976,-0.78,2.38691
targets,TE,position,NEW,total,all,114,0.319291,0,0.27551,0.215141,0.42344,0.126121,-0.122123,0.0928592,0.024364,0.227878,0,1.425
targets,TE,position,NEW_QB,new,all,16,0,0,0,0,0,-0.00308563,-0.0030426,-0.00291404,-0.00335392,-0.00281734,0,0
targets,TE,position,NEW_RB,new,all,28,0.0943518,0,0.0961924,0.0366702,0.152033,-0.0180906,-0.100115,-0.0132797,-0.0767026,0.0405214,0,0.34875
targets,TE,position,NEW_TE,new,all,42,0.364019,0.188235,0.3397,0.237169,0.490869,0.139447,-0.0367895,0.126725,0.0140636,0.264831,0,1.41923
targets,TE,position,NEW_WR,new,all,52,0.355163,0.128182,0.291262,0.166628,0.543699,0.114853,-0.0764307,0.0629541,-0.0670601,0.296766,0,0.965625
targets,TE,position,NOWHERE,leak,all,114,-0.140962,-0.145833,-0.0699708,-0.341105,0.0591804,0.158328,0.185014,0.213022,-0.0388611,0.355517,-2.38958,1.83782
targets,TE,position,OTHER_MISSING,leak,all,114,0.325114,0.222222,0.314383,0.272738,0.37749,-0.181371,-0.265568,-0.164522,-0.234337,-0.128404,0,0.9675
targets,TE,position,QB1,player,all,96,0.000105137,0,0.000565931,-0.00248518,0.00269546,-6.15136e-05,-0.000160519,0.000408955,-0.00265263,0.0025296,0,0
targets,TE,position,QB2+,player,all,24,0,0,0,0,0,-0.00177403,-0.00182749,-0.00171999,-0.00187467,-0.00167339,0,0
targets,TE,position,RB1,player,all,112,-0.00602844,-0.070197,-0.0143564,-0.0740097,0.0619528,0.0328871,-0.0350694,0.0224229,-0.0351281,0.100902,-0.593529,0.676096
targets,TE,position,RB2,player,all,97,0.0718217,0,0.060692,0.0197013,0.123942,0.0455507,-0.0128263,0.0359925,-0.00639068,0.0974921,-0.333333,0.683333
targets,TE,position,RB3+,player,all,125,0.102514,0.0434783,0.0999124,0.0640809,0.140948,0.0395456,-0.00606951,0.0398164,0.00131921,0.077772,-0.17451,0.54303
targets,TE,position,ROTATION,total,all,114,1.14096,1.14583,1.06997,0.94082,1.34111,0.841672,0.814986,0.786978,0.644483,1.03886,-0.837821,3.38958
targets,TE,position,TE1,player,all,3,-0.151282,-0.3,-0.173913,-0.402261,0.0996972,-0.145746,-0.295926,-0.1686,-0.397314,0.105822,-0.306923,0.108462
targets,TE,position,TE2+,player,all,158,0.257642,0.21131,0.25,0.205802,0.309483,0.150885,0.12545,0.149461,0.0991752,0.202596,-0.210526,0.895556
targets,TE,position,TEAM_VOLUME,leak,all,114,0.135139,0.0435606,0.0310982,-0.0952109,0.365489,0.149164,0.0539886,0.0443588,-0.0813872,0.379714,-2.07295,2.6275
targets,TE,position,WR1,player,all,112,0.0938495,0.0590278,0.0805336,-0.00129363,0.188993,0.219341,0.181489,0.199145,0.123254,0.315427,-0.754249,1.33152
targets,TE,position,WR2,player,all,105,0.185068,0.12,0.163049,0.0915597,0.278576,0.167219,0.10787,0.146193,0.0738725,0.260566,-0.5,1.13176
targets,TE,position,WR3,player,all,98,0.166756,0.0360248,0.152533,0.0921791,0.241332,0.0744318,-0.0336547,0.0648442,0.000266717,0.148597,-0.359821,1.01429
targets,TE,position,WR4+,player,all,139,0.175646,0.0909091,0.176045,0.128559,0.222733,0.026855,-0.0394614,0.0356484,-0.0206511,0.0743611,-0.217874,0.914015
targets,TE,position,GRP_QB,group,fit,64,0.000157706,0,0.000830565,-0.00373799,0.0040534,-0.000284464,-0.000425375,0.000412561,-0.00418341,0.00361449,0,0
targets,TE,position,GRP_RB,group,fit,66,0.171397,0.133929,0.145292,0.060874,0.281921,0.131078,0.0863012,0.10719,0.0209661,0.241189,-0.725,1.05937
targets,TE,position,GRP_TE,group,fit,63,0.459243,0.409091,0.432203,0.348336,0.57015,0.350906,0.322056,0.329975,0.241159,0.460652,-0.21391,1.3281
targets,TE,position,GRP_WR,group,fit,66,0.631835,0.4375,0.603084,0.451678,0.811993,0.490406,0.290892,0.469435,0.31126,0.669552,-0.615476,2.34804
targets,TE,position,NEW,total,fit,66,0.335429,0,0.270292,0.189456,0.481403,0.148504,-0.119943,0.0936494,0.00763222,0.289377,0,1.31971
targets,TE,position,NEW_QB,new,fit,8,0,0,0,0,0,-0.00304584,-0.0030426,-0.00297693,-0.00333035,-0.00276134,0,0
targets,TE,position,NEW_RB,new,fit,13,0.151858,0,0.151899,0.0364823,0.267233,0.0416567,-0.0812896,0.0448846,-0.0745742,0.157888,0,0.577941
targets,TE,position,NEW_TE,new,fit,22,0.336586,0.163235,0.292308,0.154999,0.518173,0.11151,-0.0349927,0.0826351,-0.0651343,0.288154,0,1.35068
targets,TE,position,NEW_WR,new,fit,33,0.386645,0.12,0.297078,0.132961,0.64033,0.155529,-0.0764307,0.0790406,-0.0864707,0.397529,0,0.9625
targets,TE,position,NOWHERE,leak,fit,66,-0.241754,-0.0291667,-0.163149,-0.502582,0.0190753,0.0478615,0.286107,0.110535,-0.209139,0.304862,-2.4256,1.57707
targets,TE,position,OTHER_MISSING,leak,fit,66,0.336089,0.190909,0.316558,0.25738,0.414799,-0.154022,-0.265568,-0.146593,-0.230074,-0.0779695,0,1.09375
targets,TE,position,QB1,player,fit,57,0.000177073,0,0.000918274,-0.00420129,0.00455544,1.67988e-05,-0.00015207,0.000767041,-0.00436289,0.00439649,0,0
targets,TE,position,QB2+,player,fit,13,0,0,0,0,0,-0.00174323,-0.00182749,-0.00168193,-0.00188861,-0.00159785,0,0
targets,TE,position,RB1,player,fit,65,-0.0273875,-0.117647,-0.0493421,-0.118499,0.0637237,0.0101578,-0.078627,-0.0138839,-0.0812541,0.10157,-0.597647,0.56
targets,TE,position,RB2,player,fit,56,0.0668744,0.0294118,0.0688679,0.00692391,0.126825,0.0416238,0.00722988,0.0451514,-0.0184346,0.101682,-0.333333,0.579167
targets,TE,position,RB3+,player,fit,74,0.126317,0.0606618,0.119167,0.0695439,0.18309,0.0652748,-0.00453894,0.0608856,0.00913429,0.121415,-0.25,0.634259
targets,TE,position,ROTATION,total,fit,66,1.24175,1.02917,1.16315,0.980925,1.50258,0.952139,0.713893,0.889465,0.695138,1.20914,-0.577068,3.4256
targets,TE,position,TE1,player,fit,1,-0.3,-0.3,-0.3,,,-0.295926,-0.295926,-0.295926,,,-0.3,-0.3
targets,TE,position,TE2+,player,fit,100,0.292323,0.255435,0.276231,0.223804,0.360843,0.187168,0.157606,0.177308,0.119221,0.255115,-0.16886,0.891111
targets,TE,position,TEAM_VOLUME,leak,fit,66,0.241094,0,0.116883,-0.0712554,0.553443,0.254665,0.0179223,0.129708,-0.0579848,0.567314,-2.04167,2.64135
targets,TE,position,WR1,player,fit,64,0.134502,0.0811688,0.114357,0.00423444,0.26477,0.255746,0.210501,0.228867,0.124278,0.387214,-0.724261,1.39773
targets,TE,position,WR2,player,fit,61,0.148658,0.142857,0.155203,0.0488469,0.24847,0.131392,0.121196,0.13889,0.0315207,0.231263,-0.5,1.15
targets,TE,position,WR3,player,fit,56,0.182456,-0.0583333,0.156463,0.0692877,0.295624,0.0927105,-0.145488,0.0709045,-0.0193195,0.20474,-0.378472,1.12912
targets,TE,position,WR4+,player,fit,76,0.181675,0.0839161,0.191732,0.118619,0.244731,0.037902,-0.038052,0.0556038,-0.0264253,0.102229,-0.215062,0.777273
targets,TE,position,GRP_QB,group,test,48,0,0,0,0,0,-0.000481162,-0.000477026,-0.00045697,-0.000507098,-0.000455225,0,0
targets,TE,position,GRP_RB,group,test,48,0.162366,0.127005,0.153753,0.0542492,0.270483,0.118847,0.0874727,0.112422,0.0108344,0.22686,-0.582609,0.95625
targets,TE,position,GRP_TE,group,test,40,0.283033,0.232684,0.297568,0.168893,0.397174,0.167178,0.139627,0.187996,0.0515949,0.282761,-0.260833,1.14955
targets,TE,position,GRP_WR,group,test,48,0.604147,0.55,0.525424,0.34762,0.860675,0.451497,0.372639,0.380448,0.198681,0.704312,-0.8,2.24615
targets,TE,position,NEW,total,test,48,0.2971,0,0.283293,0.150918,0.443282,0.0953437,-0.14662,0.0916805,-0.0505806,0.241268,0,1.45867
targets,TE,position,NEW_QB,new,test,8,0,0,0,0,0,-0.00312542,-0.00324544,-0.00285375,-0.00360114,-0.0026497,0,0
targets,TE,position,NEW_RB,new,test,15,0.0445132,0,0.0458015,0.0120277,0.0769988,-0.0698716,-0.102682,-0.065894,-0.104736,-0.0350074,0,0.169608
targets,TE,position,NEW_TE,new,test,20,0.394196,0.215385,0.393586,0.213694,0.574697,0.170178,-0.0387809,0.176856,-0.0116128,0.35197,0,1.425
targets,TE,position,NEW_WR,new,test,19,0.300484,0.136364,0.279743,0.0244153,0.576552,0.0442041,-0.0764307,0.0310914,-0.228924,0.317332,0,0.936713
targets,TE,position,NOWHERE,leak,test,48,-0.00237465,-0.171569,0.0690073,-0.314548,0.309798,0.310219,0.15176,0.365885,0.00340341,0.617035,-1.51912,1.94615
targets,TE,position,OTHER_MISSING,leak,test,48,0.310023,0.261364,0.311138,0.247886,0.37216,-0.218975,-0.265983,-0.191263,-0.288832,-0.149119,0,0.731212
targets,TE,position,QB1,player,test,39,0,0,0,0,0,-0.00017597,-0.000180584,-0.000166201,-0.000187153,-0.000164788,0,0
targets,TE,position,QB2+,player,test,11,0,0,0,0,0,-0.00181043,-0.00171999,-0.00176724,-0.00195254,-0.00166832,0,0
targets,TE,position,RB1,player,test,47,0.0235107,-0.0526316,0.0385572,-0.079023,0.126044,0.0643211,-0.0177189,0.0773346,-0.037769,0.166411,-0.571429,0.849342
targets,TE,position,RB2,player,test,41,0.0785789,0,0.0483642,-0.0145308,0.171689,0.0509143,-0.0128263,0.0221825,-0.0415051,0.143334,-0.3125,0.777778
targets,TE,position,RB3+,player,test,51,0.067977,0,0.0697413,0.0227944,0.11316,0.00221311,-0.0609507,0.00680234,-0.0433718,0.047798,-0.162281,0.416667
targets,TE,position,ROTATION,total,test,48,1.00237,1.17157,0.930993,0.690202,1.31455,0.689781,0.84824,0.634115,0.382965,0.996597,-0.946154,2.51912
targets,TE,position,TE1,player,test,2,-0.0769231,-0.0769231,-0.0769231,-0.456515,0.302669,-0.0706559,-0.0706559,-0.0706559,-0.450248,0.308936,-0.284615,0.130769
targets,TE,position,TE2+,player,test,58,0.197848,0.151923,0.202703,0.121447,0.274249,0.0883287,0.0117017,0.0992501,0.0112272,0.16543,-0.228947,0.886667
targets,TE,position,TEAM_VOLUME,leak,test,48,-0.0105481,0.0884615,-0.0968523,-0.350182,0.329086,0.00409968,0.103654,-0.082941,-0.335812,0.344012,-2.21625,2.40569
targets,TE,position,WR1,player,test,48,0.0396461,-0.0590278,0.031477,-0.0991298,0.178422,0.170801,0.0674968,0.156037,0.0302653,0.311336,-0.733696,1.20905
targets,TE,position,WR2,player,test,44,0.235545,0.0643939,0.174834,0.0597081,0.411383,0.21689,0.0448663,0.157161,0.041589,0.39219,-0.495588,1.03846
targets,TE,position,WR3,player,test,42,0.145822,0.108187,0.146978,0.0578179,0.233826,0.0500601,0.023145,0.0562782,-0.0385246,0.138645,-0.271591,0.608261
targets,TE,position,WR4+,player,test,63,0.168374,0.105263,0.15576,0.097086,0.239661,0.0135284,-0.0394614,0.00984436,-0.0573965,0.0844533,-0.216667,0.985714
targets,WR,position,GRP_QB,group,all,460,-0.00151217,0,-0.00115328,-0.00330915,0.000284805,-0.00191828,-0.000393185,-0.00153253,-0.00371587,-0.0001207,-0.047619,0
targets,WR,position,GRP_RB,group,all,474,0.0800233,0.047619,0.0716755,0.0403601,0.119687,0.0433043,0.0137507,0.0374008,0.00369179,0.0829167,-0.75,0.974
targets,WR,position,GRP_TE,group,all,470,0.180863,0.125,0.164259,0.142183,0.219543,0.0820487,0.00588545,0.0720424,0.0436251,0.120472,-0.577976,1.08214
targets,WR,position,GRP_WR,group,all,474,0.711352,0.654509,0.673851,0.643126,0.779578,0.582553,0.533688,0.553626,0.514706,0.6504,-0.6,2.31365
targets,WR,position,NEW,total,all,474,0.317325,0.166667,0.304697,0.283976,0.350674,0.147093,-0.0141586,0.145798,0.11404,0.180147,0,1.2
targets,WR,position,NEW_QB,new,all,73,0.011208,0,0.00574713,-0.00722802,0.029644,0.00860837,-0.00246305,0.00333598,-0.00978002,0.0269968,0,0
targets,WR,position,NEW_RB,new,all,158,0.109838,0,0.104491,0.0822233,0.137453,0.00861208,-0.0848239,0.0103116,-0.0186885,0.0359127,0,0.430952
targets,WR,position,NEW_TE,new,all,120,0.207184,0.146429,0.193469,0.166893,0.247474,0.0117995,-0.0398291,0.011416,-0.0277833,0.0513823,0,0.801667
targets,WR,position,NEW_WR,new,all,304,0.353215,0.206897,0.337372,0.312313,0.394117,0.146407,-0.0329318,0.145187,0.105929,0.186886,0,1.2
targets,WR,position,NOWHERE,leak,all,474,0.0307557,0.127717,0.092619,-0.0634722,0.124984,0.294507,0.409394,0.338812,0.201264,0.38775,-2.13917,1.81167
targets,WR,position,OTHER_MISSING,leak,all,474,0.393646,0.285714,0.375966,0.364552,0.422741,-0.0526956,-0.125841,-0.0406631,-0.081645,-0.0237461,0,1.10881
targets,WR,position,QB1,player,all,413,-0.00155682,0,-0.00116973,-0.00354771,0.000434072,-0.00170634,-0.00015207,-0.00130931,-0.00369747,0.000284797,-0.047619,0
targets,WR,position,QB2+,player,all,89,-0.000591366,0,-0.000543774,-0.0015641,0.000381372,-0.00211718,-0.00146199,-0.00195886,-0.00309297,-0.0011414,0,0
targets,WR,position,RB1,player,all,471,-0.00787369,-0.0454545,-0.0106285,-0.0355632,0.0198159,0.0263339,-0.0153027,0.0213013,-0.00139269,0.0540604,-0.52,0.605556
targets,WR,position,RB2,player,all,392,0.0370657,0,0.032138,0.0109186,0.0632129,0.0136946,-0.0213771,0.010302,-0.0124241,0.0398134,-0.386538,0.580195
targets,WR,position,RB3+,player,all,416,0.0651678,0,0.0629363,0.0458156,0.08452,0.00935542,-0.0548556,0.0107108,-0.00996735,0.0286782,-0.222222,0.5
targets,WR,position,ROTATION,total,all,474,0.969244,0.872283,0.907381,0.875016,1.06347,0.705493,0.590606,0.661188,0.61225,0.798736,-0.811667,3.13917
targets,WR,position,TE1,player,all,431,0.0315454,0,0.0247934,-0.0021101,0.0652009,0.0357499,0.00407366,0.0287151,0.00208556,0.0694143,-0.642857,0.75
targets,WR,position,TE2+,player,all,504,0.141685,0.0869565,0.131574,0.120701,0.16267,0.0467804,0.006614,0.042842,0.0259777,0.0675831,-0.2,0.648929
targets,WR,position,TEAM_VOLUME,leak,all,474,-0.107077,-0.180195,-0.163888,-0.206555,-0.00759889,-0.0947181,-0.170479,-0.152351,-0.194246,0.00480962,-1.89658,2.31449
targets,WR,position,WR1,player,all,235,0.0286929,-0.0526316,0.00685741,-0.0406356,0.0980213,0.153465,0.0635264,0.125968,0.0835358,0.223394,-0.924725,1.16256
targets,WR,position,WR2,player,all,260,0.119142,0.1,0.109311,0.0733904,0.164894,0.104717,0.0848374,0.0958654,0.0589886,0.150445,-0.556111,0.870824
targets,WR,position,WR3,player,all,366,0.226807,0.176471,0.211224,0.189538,0.264076,0.146979,0.0969032,0.136477,0.109921,0.184038,-0.405556,0.989583
targets,WR,position,WR4+,player,all,748,0.289371,0.2,0.279682,0.26478,0.313963,0.160001,0.0782633,0.158324,0.135529,0.184473,-0.210526,1.1
targets,WR,position,GRP_QB,group,fit,278,-0.00195201,0,-0.00154189,-0.00426396,0.000359937,-0.00235211,-0.000393185,-0.00191641,-0.00466499,-3.92263e-05,-0.047619,0
targets,WR,position,GRP_RB,group,fit,286,0.132476,0.0526316,0.115654,0.0799645,0.184987,0.0962101,0.0151981,0.0817067,0.0438453,0.148575,-0.608516,1.17208
targets,WR,position,GRP_TE,group,fit,283,0.213325,0.166667,0.193299,0.16319,0.26346,0.115839,0.0638375,0.102058,0.0661308,0.165546,-0.544755,1.09481
targets,WR,position,GRP_WR,group,fit,286,0.759264,0.646923,0.712784,0.671598,0.846931,0.632056,0.531586,0.593707,0.545043,0.719069,-0.45625,2.39615
targets,WR,position,NEW,total,fit,286,0.304101,0.166667,0.290888,0.262902,0.345301,0.135972,-0.0141586,0.133505,0.0952339,0.17671,0,1.1721
targets,WR,position,NEW_QB,new,fit,42,0.0194805,0,0.0104046,-0.012563,0.051524,0.0167696,-0.00258621,0.00789316,-0.0151945,0.0487337,0,0
targets,WR,position,NEW_RB,new,fit,103,0.124595,0,0.11877,0.088337,0.160854,0.0247407,-0.078038,0.0251757,-0.0109976,0.0604789,0,0.428571
targets,WR,position,NEW_TE,new,fit,64,0.219269,0.142857,0.204441,0.159802,0.278736,0.0272058,-0.0341392,0.0222947,-0.0306946,0.0851063,0,0.77
targets,WR,position,NEW_WR,new,fit,187,0.31705,0.176471,0.305829,0.271022,0.363078,0.111446,-0.0382153,0.113779,0.0658263,0.157066,0,1.13927
targets,WR,position,NOWHERE,leak,fit,286,-0.10093,-0.0535714,-0.0185247,-0.226564,0.0247037,0.159564,0.177789,0.225318,0.0357403,0.283387,-2.3425,1.77381
targets,WR,position,OTHER_MISSING,leak,fit,286,0.403442,0.285714,0.388184,0.36348,0.443404,-0.0373878,-0.129125,-0.0244676,-0.0774561,0.00268048,0,1.1625
targets,WR,position,QB1,player,fit,255,-0.00192168,0,-0.0014917,-0.00442049,0.000577136,-0.0020685,-0.000144467,-0.00162908,-0.00456768,0.000430678,-0.047619,0
targets,WR,position,QB2+,player,fit,42,-0.00125313,0,-0.00112108,-0.00331441,0.000808145,-0.00271728,-0.00146199,-0.00249784,-0.0047838,-0.000650767,0,0
targets,WR,position,RB1,player,fit,283,0.0284457,0,0.0225551,-0.00750831,0.0643998,0.0622,0.0265336,0.0541534,0.0261539,0.0982462,-0.460839,0.673214
targets,WR,position,RB2,player,fit,234,0.0619137,0.0178571,0.0501341,0.0257293,0.0980981,0.0388203,0.0034276,0.0284615,0.00274297,0.0748975,-0.375,0.708824
targets,WR,position,RB3+,player,fit,270,0.0568522,0,0.0549756,0.0318214,0.081883,0.00169058,-0.0609507,0.00344115,-0.0233242,0.0267054,-0.238095,0.4775
targets,WR,position,ROTATION,total,fit,286,1.10093,1.05357,1.01852,0.975296,1.22656,0.840436,0.822211,0.774682,0.716613,0.96426,-0.77381,3.3425
targets,WR,position,TE1,player,fit,257,0.0445626,1.4803e-16,0.0390045,0.00149117,0.087634,0.0487208,0.00543155,0.0428935,0.00563853,0.0918031,-0.620238,0.737622
targets,WR,position,TE2+,player,fit,301,0.16252,0.0952381,0.147786,0.133276,0.191763,0.0688491,0.00724391,0.0601526,0.0399861,0.097712,-0.181818,0.666667
targets,WR,position,TEAM_VOLUME,leak,fit,286,0.0015894,-0.0634921,-0.0787717,-0.13389,0.137068,0.0137958,-0.0525675,-0.0673455,-0.121772,0.149364,-1.93088,2.53968
targets,WR,position,WR1,player,fit,148,0.0345972,-0.0555556,0.0147113,-0.055367,0.124561,0.157083,0.0635264,0.131384,0.0664285,0.247737,-0.925571,1.31082
targets,WR,position,WR2,player,fit,155,0.144713,0.1,0.124326,0.0840739,0.205352,0.130496,0.0848374,0.110984,0.0699423,0.19105,-0.546818,0.973077
targets,WR,position,WR3,player,fit,219,0.245147,0.222222,0.231017,0.194424,0.29587,0.166163,0.134882,0.156959,0.115673,0.216653,-0.381746,1
targets,WR,position,WR4+,player,fit,435,0.31244,0.222222,0.297614,0.27918,0.345701,0.185007,0.0956539,0.17796,0.152049,0.217965,-0.203158,1.13831
targets,WR,position,GRP_QB,group,test,182,-0.000840328,0,-0.000540394,-0.0037023,0.00202164,-0.00125563,-0.000413879,-0.000927099,-0.00411833,0.00160708,-0.0339286,0
targets,WR,position,GRP_RB,group,test,188,0.000228788,0.0185185,0.00312175,-0.0588203,0.0592779,-0.0371801,-0.0042638,-0.0316629,-0.0962912,0.0219309,-0.985417,0.876863
targets,WR,position,GRP_TE,group,test,187,0.131735,0.0952381,0.11911,0.0712683,0.192202,0.0309122,0.00405893,0.0253768,-0.0292875,0.0911119,-0.588636,0.938034
targets,WR,position,GRP_WR,group,test,188,0.638464,0.672619,0.613163,0.53012,0.746809,0.507246,0.540037,0.49115,0.399235,0.615256,-0.760714,2.05171
targets,WR,position,NEW,total,test,188,0.337442,0.176471,0.326223,0.281339,0.393544,0.164012,-0.0135151,0.164959,0.108219,0.219804,0,1.26783
targets,WR,position,NEW_QB,new,test,31,0,0,0,0,0,-0.00244876,-0.00246305,-0.00228737,-0.00263464,-0.00226289,0,0
targets,WR,position,NEW_RB,new,test,55,0.0822025,0,0.0772647,0.041458,0.122947,-0.0215923,-0.0886795,-0.0180304,-0.0620516,0.0188669,0,0.413333
targets,WR,position,NEW_TE,new,test,56,0.193373,0.153947,0.180944,0.139713,0.247032,-0.00580777,-0.0421719,-0.00100323,-0.0591649,0.0475494,0,0.634009
targets,WR,position,NEW_WR,new,test,117,0.411018,0.25,0.387879,0.334873,0.487162,0.202285,0.0804154,0.195477,0.126996,0.277575,0,1.38
targets,WR,position,NOWHERE,leak,test,188,0.231086,0.270979,0.265869,0.0930053,0.369167,0.499792,0.532399,0.515725,0.362362,0.637223,-1.82604,1.85353
targets,WR,position,OTHER_MISSING,leak,test,188,0.378745,0.300905,0.35692,0.33763,0.41986,-0.0759829,-0.118892,-0.0659084,-0.116099,-0.0358663,0,1.09417
targets,WR,position,QB1,player,test,158,-0.000967973,0,-0.000627746,-0.00426574,0.00232979,-0.00112183,-0.00015207,-0.000771034,-0.00441989,0.00217623,-0.0425595,0
targets,WR,position,QB2+,player,test,47,0,0,0,0,0,-0.00158092,-0.00153894,-0.00145118,-0.00169053,-0.00147131,0,0
targets,WR,position,RB1,player,test,188,-0.062546,-0.102632,-0.0619147,-0.105223,-0.0198687,-0.0276562,-0.0685917,-0.0294724,-0.0703293,0.0150169,-0.576316,0.5
targets,WR,position,RB2,player,test,158,0.000265514,0,0.00498132,-0.0358927,0.0364238,-0.0235167,-0.0345322,-0.0171013,-0.0597711,0.0127376,-0.418452,0.4375
targets,WR,position,RB3+,player,test,146,0.080546,0,0.0782347,0.0505834,0.110509,0.0235301,-0.0467068,0.0246813,-0.00634024,0.0534005,-0.17803,0.493421
targets,WR,position,ROTATION,total,test,188,0.768914,0.729021,0.734131,0.630833,0.906995,0.500208,0.467601,0.484275,0.362777,0.637638,-0.853529,2.82604
targets,WR,position,TE1,player,test,174,0.0123189,-0.0166667,0.00336134,-0.0416192,0.066257,0.0165917,-0.0139947,0.00733231,-0.037362,0.0705454,-0.682656,0.75
targets,WR,position,TE2+,player,test,203,0.110793,0.0833333,0.106773,0.0821968,0.139389,0.0140579,0.00585085,0.0163608,-0.0145232,0.0426389,-0.209474,0.578195
targets,WR,position,TEAM_VOLUME,leak,test,188,-0.272389,-0.291005,-0.296566,-0.413453,-0.131325,-0.259798,-0.280872,-0.284858,-0.400892,-0.118704,-1.8356,1.76515
targets,WR,position,WR1,player,test,87,0.0186488,0,-0.00728477,-0.0899158,0.127213,0.14731,0.0893115,0.116214,0.0375756,0.257044,-0.916154,0.983333
targets,WR,position,WR2,player,test,105,0.0813959,0.0952381,0.0867151,0.0120525,0.150739,0.0666624,0.0807975,0.0731134,-0.00274009,0.136065,-0.564444,0.703167
targets,WR,position,WR3,player,test,147,0.199484,0.148148,0.181043,0.14564,0.253329,0.1184,0.0793261,0.105247,0.0649936,0.171806,-0.432566,0.928333
targets,WR,position,WR4+,player,test,313,0.25731,0.166667,0.253896,0.22117,0.29345,0.125249,0.0464688,0.130085,0.089073,0.161424,-0.213272,1.02
